,Scheme Id,Scheme Name,01-Jan-2021,04-Jan-2021,05-Jan-2021,06-Jan-2021,07-Jan-2021,08-Jan-2021,11-Jan-2021,12-Jan-2021,13-Jan-2021,14-Jan-2021,15-Jan-2021,18-Jan-2021,19-Jan-2021,20-Jan-2021,21-Jan-2021,22-Jan-2021,25-Jan-2021,27-Jan-2021,28-Jan-2021,29-Jan-2021,01-Feb-2021,02-Feb-2021,03-Feb-2021,04-Feb-2021,05-Feb-2021,08-Feb-2021,09-Feb-2021,10-Feb-2021,11-Feb-2021,12-Feb-2021,15-Feb-2021,16-Feb-2021,17-Feb-2021,18-Feb-2021,22-Feb-2021,23-Feb-2021,24-Feb-2021,25-Feb-2021,26-Feb-2021,01-Mar-2021,02-Mar-2021,03-Mar-2021,04-Mar-2021,05-Mar-2021,08-Mar-2021,09-Mar-2021,10-Mar-2021,12-Mar-2021,15-Mar-2021,16-Mar-2021,17-Mar-2021,18-Mar-2021,19-Mar-2021,22-Mar-2021,23-Mar-2021,24-Mar-2021,25-Mar-2021,26-Mar-2021,30-Mar-2021,31-Mar-2021,05-Apr-2021,06-Apr-2021,07-Apr-2021,08-Apr-2021,09-Apr-2021,12-Apr-2021,15-Apr-2021,16-Apr-2021,19-Apr-2021,20-Apr-2021,22-Apr-2021,23-Apr-2021,26-Apr-2021,27-Apr-2021,28-Apr-2021,29-Apr-2021,30-Apr-2021,03-May-2021,04-May-2021,05-May-2021,06-May-2021,07-May-2021,10-May-2021,11-May-2021,12-May-2021,14-May-2021,17-May-2021,18-May-2021,19-May-2021,20-May-2021,21-May-2021,24-May-2021,25-May-2021,27-May-2021,28-May-2021,31-May-2021,01-Jun-2021,02-Jun-2021,03-Jun-2021,04-Jun-2021,07-Jun-2021,08-Jun-2021,09-Jun-2021,10-Jun-2021,11-Jun-2021,14-Jun-2021,15-Jun-2021,16-Jun-2021,17-Jun-2021,18-Jun-2021,21-Jun-2021,22-Jun-2021,23-Jun-2021,24-Jun-2021,25-Jun-2021,28-Jun-2021,29-Jun-2021,30-Jun-2021,01-Jul-2021,02-Jul-2021,05-Jul-2021,06-Jul-2021,07-Jul-2021,08-Jul-2021,09-Jul-2021,12-Jul-2021,13-Jul-2021,14-Jul-2021,15-Jul-2021,16-Jul-2021,19-Jul-2021,20-Jul-2021,22-Jul-2021,23-Jul-2021,26-Jul-2021,27-Jul-2021,28-Jul-2021,29-Jul-2021,30-Jul-2021
0,120510,Axis Short Term Fund - Direct Plan - Growth Option,25.3243,25.3475,25.372,25.3688,25.3784,25.3863,25.3328,25.3136,25.3068,25.2941,25.2821,25.2711,25.2717,25.2825,25.2895,25.282,25.2869,25.2914,25.3017,25.3032,25.2638,25.2407,25.2486,25.2483,25.2388,25.2506,25.2452,25.2437,25.2578,25.2635,25.2682,25.2795,25.2799,25.2842,25.267,25.2648,25.2688,25.2749,25.2688,25.2769,25.2913,25.2922,25.2936,25.2871,25.2987,25.2988,25.3007,25.285,25.2234,25.2157,25.2194,25.2371,25.2727,25.2895,25.3221,25.3346,25.3474,25.3605,25.3817,25.4019,25.4379,25.4564,25.4517,25.4574,25.4625,25.4714,25.465,25.4647,25.4833,25.4895,25.5048,25.5165,25.5433,25.5597,25.5675,25.5689,25.5837,25.6034,25.5997,25.6151,25.6166,25.616,25.6263,25.641,25.6395,25.641,25.6489,25.6564,25.6688,25.6713,25.6827,25.6903,25.7074,25.7121,25.7065,25.7113,25.7111,25.7098,25.724,25.7282,25.7481,25.7552,25.7762,25.7838,25.7952,25.8026,25.7779,25.7491,25.7492,25.7553,25.7649,25.7584,25.7589,25.7654,25.761,25.7566,25.7574,25.7568,25.7675,25.7628,25.7741,25.7609,25.7725,25.7936,25.7999,25.7981,25.8173,25.818,25.8331,25.8509,25.8638,25.8784,25.8767,25.8788,25.8932,25.8947,25.8992,25.9014,25.9032
1,120511,Axis Short Term Fund - Direct Plan - Monthly IDCW,10.1103,10.1196,10.1294,10.1281,10.1319,10.1351,10.1137,10.1061,10.1033,10.0983,10.0935,10.0891,10.0893,10.0936,10.0964,10.0934,10.0436,10.0454,10.0495,10.0501,10.0344,10.0253,10.0284,10.0283,10.0245,10.0292,10.0271,10.0265,10.032,10.0343,10.0362,10.0407,10.0408,10.0425,10.0357,10.0348,10.0364,10.0078,10.0054,10.0086,10.0143,10.0146,10.0152,10.0126,10.0172,10.0172,10.018,10.0117,9.9874,9.9843,9.9858,9.9928,10.0069,10.0135,10.0265,10.0314,10.0365,10.0417,10.05,10.0581,10.0723,10.0796,10.0778,10.08,10.082,10.0856,10.083,10.0829,10.0903,10.0927,10.0988,10.1034,10.0244,10.0309,10.0339,10.0345,10.0403,10.048,10.0466,10.0526,10.0532,10.053,10.057,10.0628,10.0622,10.0628,10.0659,10.0688,10.0737,10.0747,10.0791,10.0821,10.0314,10.0332,10.0311,10.0329,10.0329,10.0323,10.0379,10.0395,10.0473,10.0501,10.0583,10.0612,10.0657,10.0685,10.0589,10.0477,10.0477,10.0501,10.0538,10.0513,10.0515,10.054,10.0105,10.0087,10.0091,10.0088,10.013,10.0112,10.0155,10.0104,10.0149,10.0231,10.0256,10.0249,10.0323,10.0326,10.0385,10.0454,10.0504,10.0561,10.0554,10.0563,10.0124,10.013,10.0147,10.0155,10.0162
2,120512,Axis Short Term Fund - Direct Plan - Weekly IDCW,10.2597,10.2449,10.2548,10.2535,10.2574,10.2606,10.239,10.2312,10.2284,10.2233,10.2184,10.214,10.2143,10.2186,10.2214,10.2184,10.2204,10.2222,10.2264,10.227,10.2111,10.2017,10.2049,10.2048,10.201,10.2057,10.2036,10.2029,10.2086,10.2109,10.2129,10.2174,10.2176,10.2193,10.2124,10.2115,10.2131,10.2156,10.2131,10.2164,10.2222,10.2225,10.2231,10.2205,10.2252,10.2252,10.226,10.2196,10.1947,10.1916,10.1931,10.2003,10.2147,10.2215,10.2346,10.2397,10.2449,10.2502,10.2449,10.2531,10.2449,10.2524,10.2505,10.2528,10.2548,10.2449,10.2423,10.2422,10.2449,10.2474,10.2536,10.2583,10.2449,10.2515,10.2546,10.2552,10.2611,10.2449,10.2434,10.2496,10.2502,10.2499,10.2449,10.2508,10.2502,10.2508,10.2449,10.2479,10.2529,10.2539,10.2584,10.2449,10.2517,10.2536,10.2514,10.2449,10.2449,10.2443,10.25,10.2516,10.2449,10.2477,10.2561,10.2591,10.2637,10.2449,10.2351,10.2237,10.2237,10.2261,10.2299,10.2274,10.2276,10.2301,10.2284,10.2266,10.2269,10.2267,10.231,10.2291,10.2336,10.2283,10.2329,10.2413,10.2438,10.2431,10.2507,10.251,10.257,10.2641,10.2449,10.2507,10.25,10.2509,10.2449,10.2455,10.2473,10.2481,10.2488
3,120437,Axis Banking & PSU Debt Fund - Direct Plan - Daily IDCW,1039.131,1039.131,1039.131,1039.0734,1039.131,1039.131,1038.0316,1037.0187,1036.2752,1034.8879,1034.5919,1033.4644,1033.578,1034.2741,1034.559,1034.2304,1034.4503,1034.6083,1034.7354,1035.0545,1033.9469,1033.2086,1033.3583,1033.2652,1032.9554,1033.5952,1033.192,1033.0393,1033.5779,1034.2555,1034.5662,1035.2991,1035.433,1035.7625,1035.3297,1034.8582,1035.0636,1035.2029,1035.1805,1035.5334,1035.9064,1036.138,1036.231,1036.016,1036.2087,1036.2905,1036.2789,1036.3034,1035.3093,1035.2761,1035.4898,1035.851,1037.0056,1037.8602,1039.131,1039.131,1039.131,1039.131,1039.131,1039.131,1039.131,1039.131,1038.2366,1038.4272,1038.7784,1039.131,1038.8401,1038.5948,1039.131,1039.131,1039.131,1039.131,1039.131,1039.131,1039.131,1039.131,1039.131,1039.131,1039.131,1039.131,1039.131,1039.131,1039.131,1039.131,1038.8083,1038.9728,1039.055,1039.131,1039.131,1039.111,1039.131,1039.131,1039.131,1039.131,1039.0797,1039.131,1039.124,1039.0679,1039.131,1039.131,1039.131,1039.131,1039.131,1039.131,1039.131,1039.131,1038.6661,1037.5603,1037.3281,1037.5883,1038.0128,1037.8663,1037.8759,1038.0522,1037.9667,1037.8557,1037.9317,1037.9624,1038.2701,1038.2715,1038.8602,1038.7061,1039.0424,1039.131,1039.131,1039.131,1039.131,1039.131,1039.131,1039.131,1039.131,1039.131,1039.131,1039.131,1039.131,1039.131,1039.131,1039.131,1039.131
4,120438,Axis Banking & PSU Debt Fund - Direct Plan - Growth Option,2088.9476,2090.0691,2091.4962,2091.3802,2092.0246,2092.6767,2090.4627,2088.4228,2086.9255,2084.1317,2083.5354,2081.2649,2081.4937,2082.8954,2083.4692,2082.8075,2083.2503,2083.5685,2083.8244,2084.4672,2082.2367,2080.7497,2081.0512,2080.8637,2080.2398,2081.5284,2080.7163,2080.4088,2081.4933,2082.8579,2083.4836,2084.9596,2085.2295,2085.8931,2085.0216,2084.072,2084.4857,2084.7662,2084.7211,2085.4317,2086.1829,2086.6494,2086.8367,2086.4036,2086.7917,2086.9562,2086.9327,2086.9821,2084.9801,2084.9135,2085.3437,2086.071,2088.3962,2090.1172,2093.3385,2093.9088,2094.2081,2094.8704,2096.4358,2097.79,2100.287,2102.3246,2100.5161,2100.9016,2101.6121,2102.4432,2101.8548,2101.3589,2102.9092,2103.5739,2104.1417,2105.2909,2107.0579,2108.3225,2109.6838,2109.7867,2110.6215,2111.5037,2111.9873,2112.422,2112.5535,2112.6165,2113.3674,2114.545,2113.8901,2114.2248,2114.3922,2114.7996,2115.6623,2115.6222,2116.1265,2116.804,2117.313,2117.6544,2117.5503,2118.0078,2117.9938,2117.8797,2118.9983,2119.3712,2120.9874,2121.2237,2122.9809,2123.1853,2123.4877,2124.299,2123.3494,2121.0886,2120.6139,2121.1459,2122.0139,2121.7142,2121.7337,2122.0941,2121.9193,2121.6924,2121.8477,2121.9103,2122.5393,2122.5425,2123.7459,2123.4305,2124.1179,2126.1731,2126.591,2126.6312,2128.3162,2128.6384,2129.3793,2130.7335,2131.3087,2132.1401,2132.2988,2132.6331,2133.9677,2134.6625,2134.953,2135.1936,2135.4534
5,120439,Axis Banking & PSU Debt Fund - Direct Plan - Monthly IDCW,1034.2525,1034.8078,1035.5144,1035.4569,1035.776,1036.0988,1035.0027,1033.9927,1033.2514,1031.8681,1031.5729,1030.4488,1030.562,1031.2561,1031.5402,1031.2125,1031.4318,1031.5893,1031.716,1032.0343,1030.9299,1030.1937,1030.343,1030.2501,1029.9412,1030.5792,1030.1771,1030.0249,1030.5618,1031.2374,1031.5473,1032.278,1032.4117,1032.7402,1032.3087,1031.8386,1032.0434,1032.1823,1032.1599,1032.5118,1032.8837,1033.1146,1033.2074,1032.993,1033.1851,1033.2665,1033.2549,1033.2794,1032.2882,1032.2552,1032.4682,1032.8282,1033.9795,1034.8316,1036.4264,1036.7088,1032.8188,1033.1454,1033.9175,1034.5853,1035.8168,1036.8217,1035.9298,1036.1199,1036.4703,1036.8802,1036.59,1036.3455,1037.11,1037.4378,1037.7179,1038.2846,1032.8188,1033.4387,1034.106,1034.1564,1034.5656,1034.998,1035.2351,1035.4481,1035.5126,1035.5435,1035.9116,1036.4888,1036.1678,1036.3318,1036.4139,1036.6136,1037.0364,1037.0168,1037.264,1037.596,1032.8188,1032.9853,1032.9345,1033.1577,1033.1509,1033.0952,1033.6409,1033.8228,1034.6112,1034.7264,1035.5836,1035.6833,1035.8308,1036.2265,1035.7634,1034.6605,1034.4289,1034.6885,1035.1119,1034.9657,1034.9752,1035.151,1032.8188,1032.7084,1032.784,1032.8144,1033.1206,1033.1222,1033.7079,1033.5544,1033.889,1034.8893,1035.0927,1035.1123,1035.9324,1036.0893,1036.4499,1037.109,1037.389,1037.7937,1037.8709,1038.0337,1032.8188,1033.1551,1033.2957,1033.4121,1033.5379
6,120436,Axis Banking & PSU Debt Fund - Direct Plan - Weekly IDCW,1039.6444,1038.2027,1038.9121,1038.8545,1039.1746,1039.4986,1038.2027,1037.1893,1036.4457,1035.0582,1034.7621,1033.6344,1033.748,1034.4442,1034.7292,1034.4005,1034.6202,1034.7783,1034.9054,1035.2247,1034.1169,1033.3784,1033.5281,1033.435,1033.1251,1033.7651,1033.3618,1033.2091,1033.7477,1034.4255,1034.7362,1035.4692,1035.6033,1035.9328,1035.5,1035.0285,1035.2339,1035.3732,1035.3507,1035.7037,1036.0768,1036.3084,1036.4015,1036.1864,1036.3791,1036.4608,1036.4491,1036.4736,1035.4793,1035.4462,1035.6599,1036.0211,1037.1759,1038.0306,1039.6304,1039.9137,1040.0623,1040.3913,1038.2027,1038.8733,1038.2027,1039.2106,1038.3167,1038.5073,1038.8585,1038.2027,1037.9125,1037.6676,1038.2027,1038.5313,1038.8116,1039.3789,1038.2027,1038.8267,1039.4975,1039.5482,1039.9594,1038.2027,1038.441,1038.6548,1038.7195,1038.7504,1038.2027,1038.7814,1038.4597,1038.6241,1038.2027,1038.4036,1038.8271,1038.8075,1039.055,1038.2027,1038.453,1038.6204,1038.5694,1038.2027,1038.1956,1038.1397,1038.688,1038.8707,1038.2027,1038.3186,1039.1787,1039.2787,1039.4268,1038.2027,1037.7392,1036.6342,1036.4021,1036.6621,1037.0863,1036.9399,1036.9494,1037.1256,1037.0402,1036.9293,1037.0052,1037.0358,1037.3432,1037.3448,1037.9329,1037.7788,1038.1147,1039.1192,1039.3235,1038.2027,1039.0255,1039.1829,1039.5446,1040.2057,1038.2027,1038.608,1038.6854,1038.8482,1038.2027,1038.5412,1038.6825,1038.7996,1038.926
7,120754,ICICI Prudential Short Term Fund - Direct Plan - Growth Option,48.376,48.4166,48.4457,48.4417,48.4442,48.4532,48.4302,48.4308,48.4164,48.4073,48.3874,48.3651,48.373,48.3869,48.394,48.3918,48.3984,48.4045,48.4075,48.4139,48.319,48.2631,48.2794,48.2826,48.2682,48.3025,48.2833,48.2873,48.2946,48.3107,48.3312,48.347,48.348,48.3379,48.3173,48.3138,48.3312,48.3272,48.3091,48.3373,48.3502,48.3487,48.3586,48.343,48.3575,48.3496,48.3418,48.3111,48.2754,48.2611,48.2835,48.2904,48.3602,48.4116,48.49,48.5312,48.5399,48.5584,48.5927,48.6191,48.6951,48.7272,48.7437,48.7639,48.7669,48.7688,48.7485,48.745,48.7649,48.7864,48.8198,48.8393,48.8966,48.9202,48.9263,48.9377,48.9581,49.0011,48.9979,49.0142,49.0266,49.0483,49.0789,49.1033,49.1066,49.1076,49.1429,49.1642,49.1722,49.1915,49.2043,49.2183,49.2471,49.2458,49.2432,49.216,49.2319,49.2477,49.2644,49.2719,49.3282,49.3512,49.3785,49.4078,49.4303,49.4417,49.3914,49.3407,49.3613,49.3655,49.3904,49.3911,49.3944,49.4087,49.3977,49.3865,49.3911,49.3786,49.4017,49.3806,49.4098,49.3479,49.3896,49.4159,49.428,49.4342,49.467,49.4516,49.467,49.4941,49.5255,49.5561,49.5467,49.5429,49.5779,49.5893,49.5861,49.5928,49.5969
8,131478,ICICI Prudential Short Term Fund - Direct Plan - Half Yearly IDCW,13.7075,13.719,13.7272,13.7261,13.7268,13.7294,13.7228,13.723,13.7189,13.7163,13.7107,13.7044,13.7066,13.7106,13.7126,13.712,13.7138,13.7155,13.7164,13.7182,13.6913,13.6755,13.6801,13.681,13.6769,13.6866,13.6812,13.6823,13.6844,13.689,13.6948,13.6993,13.6995,13.6967,13.6908,13.6899,13.6948,13.6936,13.6885,13.6965,13.7002,13.6997,13.7025,13.6981,13.7022,13.7,13.6978,13.6891,13.679,13.6749,13.6812,13.6832,13.703,13.7176,13.7398,13.7514,13.7539,13.4012,13.4106,13.4179,13.4389,13.4478,13.4523,13.4579,13.4587,13.4592,13.4536,13.4527,13.4582,13.4641,13.4733,13.4787,13.4945,13.501,13.5027,13.5059,13.5115,13.5233,13.5225,13.527,13.5304,13.5364,13.5448,13.5515,13.5525,13.5527,13.5625,13.5684,13.5706,13.5759,13.5794,13.5833,13.5912,13.5909,13.5901,13.5827,13.587,13.5914,13.596,13.5981,13.6136,13.62,13.6275,13.6356,13.6418,13.6449,13.6311,13.6171,13.6228,13.6239,13.6308,13.631,13.6319,13.6358,13.6328,13.6297,13.631,13.6275,13.6339,13.6281,13.6361,13.619,13.6306,13.6378,13.6411,13.6429,13.6519,13.6477,13.6519,13.6594,13.6681,13.6765,13.6739,13.6729,13.6825,13.6857,13.6848,13.6866,13.6878
9,120755,ICICI Prudential Short Term Fund - Direct Plan - Monthly IDCW,12.6784,12.6891,12.6967,12.6956,12.6963,12.6987,12.6926,12.6928,12.689,12.6866,12.6814,12.6756,12.6776,12.6813,12.6831,12.6826,12.6843,12.6859,12.6867,12.6883,12.6497,12.6351,12.6393,12.6402,12.6364,12.6454,12.6404,12.6414,12.6433,12.6475,12.6529,12.657,12.6573,12.6547,12.6493,12.6484,12.6529,12.6519,12.6471,12.6545,12.6579,12.6575,12.6601,12.656,12.6598,12.6577,12.6557,12.6476,12.6383,12.6346,12.6404,12.6422,12.6605,12.674,12.6945,12.7053,12.7076,12.7124,12.7214,12.7283,12.6943,12.7027,12.707,12.7122,12.713,12.7135,12.7082,12.7073,12.7125,12.7181,12.7268,12.7319,12.7468,12.753,12.7546,12.7576,12.7629,12.6856,12.6848,12.689,12.6922,12.6978,12.7057,12.7121,12.7129,12.7132,12.7223,12.7278,12.7299,12.7349,12.7382,12.7418,12.7493,12.7489,12.7483,12.7412,12.6787,12.6827,12.687,12.689,12.7035,12.7094,12.7164,12.724,12.7298,12.7327,12.7197,12.7067,12.712,12.7131,12.7195,12.7196,12.7205,12.7242,12.7214,12.7185,12.7197,12.7164,12.6805,12.6751,12.6826,12.6667,12.6774,12.6841,12.6872,12.6888,12.6973,12.6933,12.6972,12.7042,12.7122,12.7201,12.7177,12.7167,12.7257,12.7286,12.7278,12.7295,12.7306
10,120616,ICICI Prudential Regular Savings Fund - Direct Plan - Growth,53.4898,53.6373,53.7525,53.6983,53.7323,53.8904,53.9314,53.9725,53.9784,53.9239,53.7744,53.6508,53.8164,53.885,53.8477,53.7405,53.6761,53.5347,53.5018,53.3974,53.755,53.9501,54.0449,54.1525,54.0532,54.2246,54.2095,54.2459,54.3148,54.35,54.5153,54.5199,54.5208,54.4429,54.0812,54.1544,54.3121,54.3431,54.0441,54.2151,54.3588,54.5298,54.484,54.4138,54.399,54.4106,54.4886,54.3703,54.3204,54.2843,54.1789,54.1069,54.2037,54.2068,54.3476,54.2018,54.0414,54.1775,54.3497,54.3338,54.3348,54.3483,54.4818,54.5394,54.508,54.1999,54.3658,54.3919,54.2656,54.2555,54.3382,54.3223,54.4786,54.5858,54.7921,54.8031,54.6806,54.7016,54.6133,54.6941,54.7756,54.8138,54.8959,54.9197,54.8769,54.8596,55.0734,55.2391,55.2204,55.1719,55.3506,55.385,55.4674,55.4953,55.4701,55.5716,55.5471,55.6275,55.7163,55.7126,55.8196,55.8364,55.7984,55.8726,55.8815,55.9328,55.9566,55.853,55.7869,55.787,55.8313,55.8562,55.8412,55.8696,55.8987,55.866,55.8206,55.822,55.8298,55.8339,55.9453,55.9284,55.9825,55.9082,55.9165,55.9198,56.0744,56.0773,56.1234,56.1627,56.0638,55.8981,56.0474,56.1307,56.1434,56.0941,56.176,56.211,56.2229
11,120613,ICICI Prudential Regular Savings Fund - Direct Plan - Half Yearly IDCW,16.6339,16.6798,16.7156,16.6987,16.7093,16.7585,16.7712,16.784,16.7858,16.7689,16.7224,16.6839,16.7354,16.7567,16.7452,16.7118,16.6918,16.6478,16.6376,16.6051,16.7163,16.777,16.8065,16.8399,16.8091,16.8623,16.8577,16.869,16.8904,16.9014,16.9528,16.9542,16.9545,16.9302,16.8177,16.8405,16.8896,16.8992,16.8062,16.8594,16.9041,16.9572,16.943,16.9212,16.9166,16.9202,16.9444,16.9077,16.8921,16.8809,16.8481,16.8257,16.8558,16.8568,16.9006,16.8553,16.8054,16.8477,16.9012,16.8963,15.9023,15.9063,15.9453,15.9622,15.953,15.8628,15.9114,15.919,15.882,15.8791,15.9033,15.8986,15.9444,15.9758,16.0361,16.0393,16.0035,16.0097,15.9838,16.0075,16.0313,16.0425,16.0665,16.0735,16.061,16.0559,16.1185,16.167,16.1615,16.1473,16.1996,16.2097,16.2338,16.2419,16.2346,16.2643,16.2571,16.2806,16.3066,16.3055,16.3369,16.3418,16.3307,16.3524,16.355,16.37,16.377,16.3466,16.3273,16.3273,16.3403,16.3476,16.3432,16.3515,16.36,16.3504,16.3372,16.3376,16.3399,16.3411,16.3736,16.3687,16.3845,16.3628,16.3652,16.3662,16.4114,16.4123,16.4258,16.4373,16.4083,16.3598,16.4035,16.4279,16.4316,16.4172,16.4412,16.4514,16.4549
12,120615,ICICI Prudential Regular Savings Fund - Direct Plan - Monthly IDCW,15.7513,15.7947,15.8286,15.8127,15.8227,15.8692,15.8813,15.8934,15.8951,15.8791,15.8351,15.7987,15.8475,15.8676,15.8567,15.8251,15.8061,15.7645,15.7548,15.7241,15.8294,15.8868,15.9147,15.9464,15.9172,15.9676,15.9632,15.9739,15.9942,16.0046,16.0532,16.0546,16.0549,16.0319,15.9254,15.947,15.9934,16.0025,15.9145,15.9035,15.9456,15.9958,15.9823,15.9617,15.9574,15.9608,15.9837,15.949,15.9344,15.9238,15.8928,15.8717,15.9001,15.901,15.9423,15.8996,15.8525,15.8924,15.9429,15.9383,15.8924,15.8963,15.9353,15.9522,15.943,15.8529,15.9014,15.9091,15.8721,15.8692,15.8933,15.8887,15.9344,15.9658,16.0261,16.0293,15.9935,15.9167,15.891,15.9145,15.9383,15.9494,15.9733,15.9802,15.9677,15.9627,16.0249,16.0731,16.0677,16.0536,16.1056,16.1156,16.1395,16.1477,16.1403,16.1699,16.1352,16.1586,16.1844,16.1833,16.2144,16.2193,16.2082,16.2298,16.2324,16.2473,16.2542,16.2241,16.2049,16.2049,16.2178,16.225,16.2207,16.2289,16.2374,16.2279,16.2147,16.2151,16.1447,16.1459,16.178,16.1732,16.1888,16.1673,16.1697,16.1707,16.2154,16.2162,16.2296,16.2409,16.2123,16.1644,16.2076,16.2317,16.2353,16.2211,16.2448,16.2549,16.2583
13,120614,ICICI Prudential Regular Savings Fund - Direct Plan - Quarterly IDCW,14.0361,14.0748,14.1051,14.0908,14.0998,14.1413,14.152,14.1628,14.1643,14.15,14.1108,14.0784,14.1218,14.1398,14.13,14.1019,14.085,14.0479,14.0393,14.0119,14.1057,14.1569,14.1818,14.21,14.184,14.2289,14.225,14.2345,14.2526,14.2618,14.3052,14.3064,14.3067,14.2862,14.1913,14.2105,14.2519,14.26,14.1815,14.2264,14.2641,14.309,14.297,14.2786,14.2747,14.2777,14.2982,14.2672,14.2541,14.2446,14.2169,14.198,14.2234,14.2242,14.2612,14.2229,14.1809,14.2166,14.2617,14.2576,14.0413,14.0448,14.0793,14.0942,14.0861,14.0065,14.0493,14.0561,14.0234,14.0208,14.0422,14.0381,14.0785,14.1062,14.1595,14.1623,14.1307,14.1361,14.1133,14.1342,14.1552,14.1651,14.1863,14.1925,14.1814,14.177,14.2322,14.275,14.2702,14.2576,14.3038,14.3127,14.334,14.3412,14.3347,14.3609,14.3546,14.3754,14.3983,14.3974,14.425,14.4294,14.4196,14.4387,14.441,14.4543,14.4604,14.4337,14.4166,14.4166,14.4281,14.4345,14.4306,14.438,14.4455,14.437,14.4253,14.4257,14.0378,14.0388,14.0668,14.0626,14.0762,14.0575,14.0596,14.0604,14.0993,14.1,14.1116,14.1215,14.0966,14.055,14.0925,14.1134,14.1166,14.1042,14.1248,14.1336,14.1366
14,119784,SBI Magnum Ultra Short Duration Fund - Direct Plan - Daily Income Distribution cum Capital Withdrawal Option (IDCW),1750.019,1750.6487,1751.0549,1751.0605,1751.3122,1751.4499,1751.3748,1751.1992,1751.1246,1750.6761,1750.7907,1751.1001,1751.0763,1751.3339,1751.4351,1751.5371,1751.9682,1752.0953,1752.3672,1752.5252,1752.7585,1752.8523,1752.9687,1753.0295,1753.1715,1753.715,1754.0373,1754.2721,1754.4484,1754.7823,1755.4613,1755.7901,1756.034,1756.5486,1757.2017,1757.1133,1757.4601,1757.7429,1757.8576,1758.3113,1758.4016,1758.602,1758.7307,1758.8343,1759.3079,1759.388,1759.6042,1759.9072,1760.0498,1760.2531,1760.4283,1760.6289,1761.0833,1761.6354,1762.0774,1762.4173,1762.8354,1763.2851,1764.1045,1764.5479,1765.337,1765.6177,1765.5434,1765.4606,1765.7228,1766.1379,1766.6787,1767.0442,1767.6247,1767.9278,1768.4513,1768.6379,1769.2685,1769.4784,1769.7572,1770.0014,1770.2232,1770.7438,1770.7706,1770.9601,1771.0755,1771.2221,1771.4897,1771.7339,1771.8885,1772.1951,1772.6678,1772.829,1772.9731,1773.1472,1773.3606,1773.7884,1773.942,1774.1466,1774.2842,1774.6899,1774.8342,1774.9698,1775.1909,1775.3603,1775.8961,1776.0715,1776.3875,1776.641,1776.86,1777.3071,1777.4633,1777.3679,1777.4048,1777.6087,1778.2103,1778.3931,1778.5893,1778.8027,1778.9646,1779.4477,1779.6937,1779.9076,1780.1745,1780.4072,1780.9371,1781.0618,1781.3573,1781.5911,1781.772,1782.3699,1782.5517,1782.8683,1783.109,1783.3357,1783.7943,1784.0473,1784.4399,1784.7081,1785.2542,1785.4664,1785.6801,1785.8619,1785.9746
15,119828,SBI MAGNUM ULTRA SHORT DURATION FUND - DIRECT PLAN - GROWTH,4680.1164,4681.8005,4682.887,4682.902,4683.5751,4683.9434,4683.7423,4683.2729,4683.0735,4681.8738,4682.1805,4683.0108,4682.9471,4683.6363,4683.9069,4684.1797,4685.3322,4685.672,4686.3991,4686.8219,4687.4456,4687.6963,4688.0076,4688.1702,4688.55,4690.0035,4690.8656,4691.4935,4691.9649,4692.8578,4694.6736,4695.5529,4696.2053,4697.5814,4699.3281,4699.0915,4700.0191,4700.7753,4701.0822,4702.2953,4702.5367,4703.0728,4703.4169,4703.6938,4704.9604,4705.1748,4705.753,4706.5632,4706.9445,4707.4883,4707.9569,4708.4932,4709.7084,4711.1848,4712.367,4713.276,4714.394,4715.5968,4717.7876,4718.9734,4721.0838,4721.8345,4721.6359,4721.4143,4722.1156,4723.2258,4724.672,4725.6496,4727.2019,4728.0125,4729.4108,4729.9097,4731.5963,4732.1576,4732.9031,4733.5562,4734.1494,4735.5415,4735.6131,4736.1198,4736.4285,4736.8207,4737.5359,4738.189,4738.6027,4739.4225,4740.6878,4741.1189,4741.5041,4741.9699,4742.5406,4743.6846,4744.0954,4744.6426,4745.0105,4746.0955,4746.4815,4746.8441,4747.4354,4747.8885,4749.3212,4749.7904,4750.6354,4751.3135,4751.8992,4753.0948,4753.5126,4753.2575,4753.3562,4753.9014,4755.5143,4756.0031,4756.5278,4757.0985,4757.5317,4758.8236,4759.4815,4760.0534,4760.7671,4761.3895,4762.8066,4763.14,4763.9305,4764.5556,4765.0394,4766.6383,4767.1245,4767.9711,4768.6149,4769.2213,4770.4477,4771.1242,4772.1741,4772.8916,4774.3518,4774.9194,4775.4911,4775.9771,4776.2786
16,119829,SBI Magnum Ultra Short Duration Fund - Direct Plan - Weekly Income Distribution cum Capital Withdrawal Option (IDCW),1126.456,1126.8613,1127.1228,1127.1264,1127.2884,1127.3771,1127.3287,1127.2157,1127.1677,1126.879,1126.9528,1127.1519,1127.1366,1127.3024,1127.3676,1127.4332,1127.7107,1127.7925,1127.9675,1128.0693,1128.2195,1128.2798,1128.3548,1128.3939,1128.4853,1128.8352,1129.0427,1129.1938,1129.3072,1129.5222,1129.9592,1130.1709,1130.3279,1130.6591,1131.0795,1131.0226,1131.2458,1131.4279,1131.5017,1131.7937,1131.8518,1131.9809,1132.0637,1132.1303,1132.435,1132.4867,1132.6258,1132.8208,1132.9126,1133.0435,1133.1563,1133.2854,1133.5779,1133.9333,1134.2178,1134.4366,1134.7057,1134.9952,1135.5226,1135.808,1136.3156,1136.4963,1136.4485,1136.3951,1136.5639,1136.8312,1137.1792,1137.4145,1137.7881,1137.9833,1138.3203,1138.4403,1138.8463,1138.9814,1139.1608,1139.318,1139.4608,1139.7959,1139.8131,1139.9351,1140.0094,1140.1038,1140.276,1140.4332,1140.5327,1140.73,1141.0346,1141.1384,1141.2311,1141.3432,1141.4806,1141.7559,1141.8548,1141.9865,1142.0751,1142.3362,1142.4291,1142.5164,1142.6587,1142.7678,1143.1126,1143.2255,1143.4289,1143.5921,1143.7331,1144.0209,1144.1215,1144.0601,1144.0838,1144.2151,1144.6023,1144.7199,1144.8462,1144.9835,1145.0878,1145.3988,1145.5571,1145.6948,1145.8666,1146.0164,1146.3575,1146.4377,1146.628,1146.7784,1146.8949,1147.2797,1147.3967,1147.6005,1147.7554,1147.9014,1148.1965,1148.3594,1148.6121,1148.7848,1149.1363,1149.2728,1149.4105,1149.5274,1149.6
17,119813,SBI Short Term Debt Fund - Direct Plan - Monthly Income Distribution cum Capital Withdrawal Option (IDCW),14.575,14.5937,14.602,14.5957,14.5993,14.5992,14.5735,14.5628,14.5534,14.5496,14.5382,14.5366,14.5406,14.546,14.5447,14.5458,14.5485,14.5493,14.5567,14.5589,14.5096,14.4773,14.4923,14.4998,14.4836,14.4884,14.4803,14.4801,14.4896,14.4951,14.4962,14.5001,14.4959,14.4894,14.4734,14.4757,14.4767,14.4762,14.47,14.4806,14.4841,14.4841,14.4864,14.4787,14.4808,14.4776,14.4796,14.4786,14.4619,14.4577,14.4607,14.466,14.4848,14.4955,14.5099,14.5168,14.5213,14.5311,14.5379,14.5429,14.5677,14.5732,14.5714,14.569,14.5722,14.576,14.5776,14.5802,14.5929,14.598,14.6081,14.6119,14.6249,14.6317,14.6336,14.6349,14.6408,14.6509,14.6505,14.656,14.6576,14.6588,14.6669,14.6703,14.6706,14.6725,14.6733,14.6771,14.6888,14.6896,14.6959,14.7002,14.7046,14.7087,14.7077,14.7121,14.7121,14.7189,14.7247,14.7292,14.7399,14.7416,14.7493,14.7508,14.7572,14.7584,14.7455,14.7308,14.7299,14.7391,14.7374,14.7341,14.7352,14.7393,14.7341,14.7316,14.7366,14.7305,14.7387,14.7341,14.7409,14.7313,14.7409,14.7564,14.7579,14.7593,14.7716,14.7746,14.7783,14.7907,14.799,14.8038,14.8051,14.8075,14.814,14.8211,14.8229,14.8268,14.8267
18,119816,SBI SHORT TERM DEBT FUND - DIRECT PLAN -GROWTH,26.0862,26.1197,26.1346,26.1233,26.1298,26.1296,26.0835,26.0643,26.0475,26.0407,26.0203,26.0176,26.0247,26.0344,26.0321,26.0341,26.0387,26.0402,26.0535,26.0574,25.9692,25.9114,25.9383,25.9518,25.9226,25.9312,25.9168,25.9165,25.9334,25.9433,25.9452,25.9523,25.9447,25.9331,25.9044,25.9085,25.9102,25.9094,25.8983,25.9174,25.9235,25.9236,25.9277,25.9139,25.9177,25.9119,25.9155,25.9137,25.8839,25.8764,25.8816,25.8911,25.9249,25.944,25.9697,25.982,25.9902,26.0077,26.0198,26.0288,26.0731,26.083,26.0798,26.0755,26.0813,26.0881,26.091,26.0955,26.1182,26.1274,26.1454,26.1523,26.1756,26.1877,26.1912,26.1934,26.204,26.2221,26.2215,26.2312,26.234,26.2362,26.2507,26.2568,26.2573,26.2608,26.2622,26.269,26.2899,26.2914,26.3027,26.3103,26.3182,26.3256,26.3237,26.3316,26.3316,26.3438,26.3542,26.3623,26.3815,26.3845,26.3982,26.4008,26.4123,26.4145,26.3915,26.3652,26.3635,26.38,26.377,26.3711,26.3702,26.3775,26.3683,26.3638,26.3728,26.3618,26.3766,26.3684,26.3804,26.3633,26.3804,26.4082,26.4109,26.4134,26.4353,26.4408,26.4474,26.4697,26.4845,26.493,26.4954,26.4997,26.5114,26.5239,26.5272,26.5343,26.534
19,119815,SBI Short Term Debt Fund - Direct Plan Fortnightly Income Distribution cum Capital Withdrawal Option (IDCW),17.5706,17.5931,17.6031,17.5955,17.5999,17.5998,17.5687,17.5558,17.5445,17.5399,17.5262,17.5243,17.5291,17.5356,17.5341,17.5354,17.5386,17.5395,17.5485,17.5511,17.4917,17.4528,17.4709,17.48,17.4603,17.4661,17.4564,17.4561,17.4676,17.4742,17.4755,17.4803,17.4752,17.4673,17.448,17.4508,17.452,17.4514,17.4439,17.4568,17.4609,17.4609,17.4637,17.4544,17.4569,17.453,17.4555,17.4543,17.4342,17.4291,17.4327,17.4391,17.4618,17.4747,17.492,17.5003,17.5058,17.5176,17.5258,17.5318,17.5617,17.5683,17.5662,17.5633,17.5672,17.5717,17.5737,17.5768,17.592,17.5982,17.6104,17.615,17.6307,17.6388,17.6412,17.6427,17.6498,17.662,17.6616,17.6681,17.67,17.6715,17.6813,17.6854,17.6857,17.6881,17.689,17.6936,17.7076,17.7087,17.7163,17.7214,17.7268,17.7317,17.7305,17.7357,17.7358,17.744,17.751,17.7564,17.7693,17.7714,17.7806,17.7824,17.7901,17.7916,17.7761,17.7584,17.7573,17.7684,17.7663,17.7624,17.7618,17.7667,17.7605,17.7575,17.7635,17.7561,17.7661,17.7605,17.7686,17.7571,17.7687,17.7874,17.7892,17.7908,17.8056,17.8093,17.8138,17.8287,17.8387,17.8445,17.8461,17.849,17.8568,17.8653,17.8675,17.8723,17.8721
20,119817,SBI Short Term Debt Fund - Direct Plan Weekly Income Distribution cum Capital Withdrawal Option (IDCW),11.4265,11.4411,11.4477,11.4427,11.4456,11.4455,11.4253,11.4169,11.4096,11.4066,11.3976,11.3964,11.3995,11.4038,11.4028,11.4037,11.4057,11.4063,11.4122,11.4139,11.3753,11.3499,11.3617,11.3676,11.3548,11.3586,11.3523,11.3521,11.3596,11.3639,11.3647,11.3678,11.3645,11.3594,11.3469,11.3487,11.3494,11.3491,11.3442,11.3525,11.3552,11.3552,11.357,11.351,11.3527,11.3501,11.3517,11.3509,11.3379,11.3346,11.3369,11.341,11.3558,11.3642,11.3755,11.3808,11.3844,11.3921,11.3974,11.4014,11.4208,11.4251,11.4237,11.4218,11.4243,11.4273,11.4286,11.4306,11.4405,11.4445,11.4524,11.4554,11.4656,11.4709,11.4725,11.4734,11.4781,11.486,11.4857,11.49,11.4912,11.4922,11.4985,11.5012,11.5014,11.503,11.5036,11.5066,11.5157,11.5164,11.5213,11.5247,11.5281,11.5313,11.5305,11.534,11.534,11.5393,11.5439,11.5474,11.5558,11.5572,11.5631,11.5643,11.5693,11.5703,11.5602,11.5487,11.548,11.5552,11.5539,11.5513,11.5509,11.5541,11.5501,11.5481,11.552,11.5472,11.5537,11.5501,11.5553,11.5479,11.5554,11.5675,11.5687,11.5698,11.5794,11.5818,11.5847,11.5945,11.601,11.6047,11.6057,11.6076,11.6127,11.6182,11.6197,11.6228,11.6226
21,145039,HDFC Ultra Short Term Fund - Direct Plan-Daily IDCW Option,10.092,10.092,10.092,10.092,10.092,10.092,10.0925,10.092,10.092,10.0898,10.0892,10.0902,10.09,10.0918,10.092,10.092,10.092,10.092,10.092,10.092,10.092,10.092,10.092,10.092,10.092,10.092,10.092,10.092,10.092,10.092,10.092,10.092,10.092,10.092,10.092,10.0918,10.092,10.092,10.092,10.092,10.092,10.092,10.092,10.092,10.092,10.092,10.092,10.092,10.092,10.092,10.092,10.092,10.092,10.092,10.092,10.092,10.092,10.092,10.092,10.092,10.092,10.092,10.0916,10.0911,10.092,10.092,10.092,10.092,10.092,10.092,10.092,10.092,10.092,10.092,10.092,10.092,10.092,10.092,10.092,10.092,10.092,10.092,10.092,10.092,10.092,10.092,10.092,10.092,10.092,10.092,10.092,10.092,10.092,10.092,10.092,10.092,10.092,10.092,10.092,10.092,10.092,10.092,10.092,10.092,10.092,10.092,10.0919,10.0908,10.0905,10.0917,10.092,10.092,10.092,10.092,10.092,10.092,10.092,10.092,10.092,10.092,10.092,10.092,10.092,10.092,10.092,10.092,10.092,10.092,10.092,10.092,10.092,10.092,10.092,10.092,10.092,10.092,10.092,10.092,10.092
22,145034,HDFC Ultra Short Term Fund - Direct Plan-Growth Option,11.8297,11.8348,11.8369,11.8377,11.8392,11.8407,11.8413,11.8406,11.841,11.8385,11.8377,11.8389,11.8387,11.8407,11.8418,11.8423,11.8452,11.8463,11.8478,11.8497,11.8512,11.8519,11.852,11.8527,11.8535,11.8575,11.8582,11.8594,11.8611,11.8632,11.869,11.8716,11.8738,11.8772,11.881,11.8808,11.8832,11.8851,11.8856,11.8891,11.8901,11.8914,11.8922,11.8931,11.8964,11.8975,11.8989,11.9008,11.9009,11.9021,11.9038,11.9057,11.9108,11.9159,11.9198,11.923,11.9258,11.9285,11.9355,11.9394,11.9458,11.9504,11.95,11.9494,11.9516,11.9542,11.9573,11.9585,11.9631,11.9653,11.9692,11.9715,11.9776,11.9797,11.9822,11.9835,11.9854,11.9896,11.9906,11.9919,11.9935,11.9944,11.9973,11.9984,11.9989,12.0019,12.0047,12.0064,12.0078,12.009,12.0108,12.0144,12.0158,12.017,12.0183,12.0219,12.0224,12.0231,12.0252,12.0269,12.0314,12.0332,12.0364,12.0382,12.0398,12.043,12.0428,12.0415,12.0413,12.0427,12.0473,12.048,12.0495,12.0507,12.0513,12.0542,12.0558,12.0567,12.0587,12.0605,12.0652,12.0655,12.0683,12.0714,12.0726,12.076,12.0787,12.0807,12.0827,12.0857,12.0887,12.0911,12.0939,12.0949,12.0991,12.101,12.1024,12.1033,12.1043
23,145036,HDFC Ultra Short Term Fund - Direct Plan-Monthly IDCW Option,10.0569,10.0612,10.063,10.0638,10.065,10.0663,10.0668,10.0662,10.0665,10.0644,10.0638,10.0647,10.0646,10.0663,10.0673,10.0676,10.0701,10.051,10.0522,10.0538,10.0551,10.0557,10.0558,10.0564,10.0571,10.0605,10.061,10.0621,10.0635,10.0653,10.0703,10.0724,10.0742,10.0772,10.0804,10.0498,10.0519,10.0535,10.0539,10.0569,10.0577,10.0588,10.0595,10.0603,10.063,10.0639,10.0651,10.0667,10.0668,10.0679,10.0693,10.0709,10.0752,10.0796,10.0828,10.0856,10.0879,10.0901,10.0961,10.0533,10.0587,10.0625,10.0622,10.0617,10.0636,10.0658,10.0684,10.0694,10.0733,10.0751,10.0784,10.0803,10.0855,10.0517,10.0539,10.0549,10.0566,10.06,10.0609,10.062,10.0633,10.0641,10.0665,10.0674,10.0678,10.0704,10.0727,10.0741,10.0753,10.0763,10.0778,10.0808,10.082,10.083,10.0842,10.0871,10.0505,10.051,10.0528,10.0542,10.058,10.0595,10.0621,10.0637,10.065,10.0677,10.0675,10.0664,10.0662,10.0674,10.0713,10.0719,10.0731,10.0741,10.0747,10.0772,10.0513,10.0521,10.0537,10.0552,10.0591,10.0594,10.0617,10.0643,10.0653,10.0682,10.0704,10.072,10.0738,10.0762,10.0787,10.0807,10.0831,10.0839,10.0874,10.0516,10.0527,10.0535,10.0544
24,145035,HDFC Ultra Short Term Fund - Direct Plan-Weekly IDCW Option,10.0919,10.0963,10.0868,10.0875,10.0888,10.09,10.0905,10.0845,10.0848,10.0826,10.082,10.083,10.0498,10.0515,10.0525,10.0528,10.0554,10.0509,10.0521,10.0537,10.055,10.0506,10.0507,10.0513,10.052,10.0554,10.0506,10.0516,10.053,10.0548,10.0598,10.0521,10.0539,10.0569,10.06,10.0499,10.052,10.0535,10.054,10.0569,10.0509,10.0519,10.0526,10.0534,10.0562,10.0509,10.0521,10.0537,10.0538,10.051,10.0524,10.0541,10.0583,10.0627,10.0533,10.056,10.0583,10.0605,10.0665,10.0532,10.0587,10.0538,10.0535,10.053,10.0549,10.057,10.0527,10.0537,10.0575,10.0519,10.0551,10.057,10.0622,10.0518,10.0539,10.0549,10.0566,10.0601,10.0509,10.0519,10.0532,10.054,10.0564,10.0509,10.0514,10.0539,10.0562,10.0514,10.0526,10.0536,10.0551,10.0581,10.0512,10.0522,10.0533,10.0563,10.0505,10.051,10.0528,10.0542,10.058,10.0515,10.0541,10.0556,10.057,10.0596,10.0499,10.0488,10.0486,10.0498,10.0536,10.0506,10.0519,10.0529,10.0533,10.0558,10.0513,10.0521,10.0537,10.0552,10.0591,10.0503,10.0527,10.0552,10.0563,10.0591,10.0523,10.0539,10.0556,10.058,10.0605,10.052,10.0544,10.0552,10.0587,10.0516,10.0527,10.0535,10.0544
25,119015,HDFC Short Term  Debt Fund - Fortnightly IDCW - Direct Plan,10.4162,10.4259,10.4349,10.4345,10.4388,10.4418,10.4302,10.3927,10.3885,10.3824,10.3767,10.3694,10.3709,10.3754,10.3761,10.3753,10.3776,10.3805,10.3829,10.3838,10.3532,10.3311,10.3367,10.337,10.3262,10.3343,10.3295,10.3319,10.3091,10.3095,10.3141,10.3173,10.3166,10.3118,10.3011,10.3,10.3022,10.3029,10.2946,10.3013,10.3056,10.3068,10.3081,10.3054,10.3081,10.3079,10.3082,10.2972,10.2839,10.2829,10.2847,10.2894,10.3019,10.3144,10.3326,10.342,10.3444,10.3054,10.3113,10.3175,10.3345,10.343,10.3454,10.349,10.3532,10.358,10.2955,10.2922,10.2995,10.3029,10.3079,10.3125,10.3248,10.3064,10.3101,10.3112,10.3169,10.3255,10.3267,10.3307,10.3326,10.3337,10.3366,10.3049,10.3039,10.3056,10.3111,10.3147,10.3195,10.3211,10.3243,10.329,10.3383,10.302,10.2997,10.2989,10.3,10.3018,10.3057,10.308,10.3174,10.3213,10.3293,10.3343,10.3098,10.3122,10.3029,10.29,10.2901,10.293,10.2978,10.2949,10.2962,10.2975,10.2945,10.3018,10.302,10.2978,10.302,10.2991,10.306,10.2987,10.3054,10.3142,10.3168,10.3152,10.3158,10.3158,10.3221,10.3309,10.3376,10.3417,10.3417,10.3404,10.3478,10.3091,10.3094,10.3107,10.3106
26,119016,HDFC Short Term  Debt Fund - Growth Option - Direct Plan,24.9009,24.924,24.9455,24.9446,24.9548,24.9621,24.9344,24.917,24.9069,24.8921,24.8784,24.8609,24.8647,24.8753,24.8771,24.8752,24.8807,24.8877,24.8934,24.8955,24.8221,24.7691,24.7827,24.7833,24.7574,24.7769,24.7653,24.7711,24.7929,24.7939,24.805,24.8127,24.811,24.7993,24.7738,24.7709,24.7764,24.778,24.7649,24.7811,24.7914,24.7944,24.7975,24.791,24.7975,24.7969,24.7977,24.791,24.7591,24.7565,24.7609,24.7721,24.8024,24.8324,24.8763,24.8988,24.9046,24.9177,24.9319,24.9469,24.9879,25.0085,25.0143,25.023,25.0333,25.0448,25.0338,25.0259,25.0437,25.0518,25.0641,25.0752,25.1052,25.1208,25.1296,25.1323,25.1464,25.1673,25.1703,25.18,25.1845,25.1872,25.1944,25.2063,25.2039,25.208,25.2216,25.2302,25.2421,25.246,25.2538,25.2651,25.288,25.2929,25.2872,25.2854,25.288,25.2924,25.302,25.3078,25.3308,25.3402,25.3598,25.3722,25.3807,25.3867,25.3638,25.3322,25.3324,25.3396,25.3512,25.3441,25.3474,25.3506,25.3433,25.3612,25.3617,25.3512,25.3615,25.3545,25.3714,25.3536,25.37,25.3917,25.398,25.3941,25.4176,25.4174,25.4331,25.4548,25.4711,25.4813,25.4813,25.478,25.4963,25.5033,25.504,25.5073,25.5069
27,133367,HDFC Short Term  Debt Fund - Normal IDCW - Direct Plan,16.6462,16.6616,16.676,16.6754,16.6822,16.6871,16.6685,16.6569,16.6501,16.6403,16.6311,16.6194,16.6219,16.629,16.6303,16.629,16.6327,16.6373,16.6412,16.6425,16.5935,16.558,16.5671,16.5676,16.5502,16.5632,16.5555,16.5594,16.574,16.5747,16.582,16.5872,16.5861,16.5783,16.5612,16.5593,16.563,16.564,16.5553,16.5661,16.573,16.575,16.577,16.5727,16.5771,16.5767,16.5772,16.5727,16.5514,16.5496,16.5526,16.5601,16.5803,16.6004,16.6297,16.6447,16.6486,16.6574,16.6669,16.6769,16.7043,16.7181,16.7219,16.7277,16.7346,16.742,16.7346,16.7293,16.7412,16.7467,16.7549,16.7623,16.7824,16.7928,16.7987,16.8005,16.8099,16.8238,16.8258,16.8324,16.8353,16.8372,16.842,16.8499,16.8483,16.851,16.8601,16.8659,16.8738,16.8765,16.8817,16.8893,16.9046,16.9078,16.904,16.9028,16.9046,16.9075,16.9139,16.9177,16.9332,16.9395,16.9526,16.9608,16.9665,16.9706,16.9552,16.9341,16.9342,16.939,16.9468,16.942,16.9442,16.9464,16.9415,16.9535,16.9538,16.9468,16.9537,16.9491,16.9604,16.9485,16.9594,16.9814,16.9856,16.983,16.9987,16.9986,17.009,17.0236,17.0345,17.0413,17.0413,17.0391,17.0514,17.056,17.0565,17.0587,17.0584
28,133812,Kotak Low Duration Fund - Direct Plan- Monthly Payout of Income Distribution cum capital withdrawal option,1187.6894,1188.3588,1188.8933,1189.0815,1189.2903,1189.634,1189.2177,1188.9059,1188.7901,1188.2059,1188.0776,1187.7704,1187.7328,1188.2433,1188.3172,1188.017,1188.3293,1188.4228,1188.6221,1188.9482,1188.3235,1187.9115,1187.8717,1187.7845,1187.7803,1188.3267,1188.2718,1188.2429,1188.5472,1188.9203,1189.4639,1189.9757,1190.1268,1190.5123,1190.5224,1190.2978,1190.4243,1190.6037,1190.5386,1190.9453,1191.2102,1191.3981,1191.4962,1191.3844,1191.8565,1191.9035,1191.9781,1191.7372,1187.7396,1187.3838,1187.6771,1188.1638,1189.2576,1189.9199,1190.8348,1191.3928,1191.785,1191.8359,1192.8055,1193.1693,1194.2466,1194.6391,1194.7077,1195.0751,1195.0429,1195.2902,1189.4943,1189.5714,1190.1649,1190.5706,1190.9387,1190.9362,1191.6372,1192.0382,1192.0687,1192.6048,1193.0141,1193.6906,1193.6552,1193.9626,1193.9017,1194.0301,1194.6456,1195.0649,1195.044,1195.2319,1195.7211,1195.9518,1196.1236,1196.2537,1196.5401,1196.8658,1197.3961,1197.8869,1198.0147,1198.3693,1198.4401,1198.7286,1199.08,1199.3947,1200.0384,1199.9593,1200.58,1200.3978,1200.708,1201.0732,1194.8344,1194.3637,1194.5594,1194.6777,1195.2501,1195.3157,1195.4471,1195.6197,1195.6803,1195.8398,1195.7968,1195.8598,1196.0716,1196.075,1196.7274,1196.7643,1197.0376,1197.3214,1197.5164,1197.7526,1197.8257,1197.9352,1198.2294,1198.7942,1199.2636,1199.627,1199.8321,1199.9793,1200.6943,1201.0994,1201.332,1201.5279,1201.4406
29,133810,Kotak Low Duration Fund- Direct Plan- Growth Option,2754.2998,2755.8524,2757.0919,2757.5283,2758.0124,2758.8096,2757.8442,2757.1211,2756.8523,2755.4976,2755.2,2754.4877,2754.4004,2755.5844,2755.7557,2755.0595,2755.7838,2756.0007,2756.4627,2757.2191,2755.7702,2754.8148,2754.7225,2754.5202,2754.5105,2755.7779,2755.6505,2755.5834,2756.289,2757.1543,2758.4485,2759.6352,2759.9857,2760.8797,2760.9031,2760.3823,2760.6755,2761.0915,2760.9406,2761.8837,2762.4981,2762.9339,2763.1613,2762.902,2763.9968,2764.106,2764.279,2763.7203,2761.0083,2760.1807,2760.8626,2761.9939,2764.5366,2766.0761,2768.2031,2769.4999,2770.4118,2770.5301,2772.7836,2773.6291,2776.1332,2777.0456,2777.205,2778.059,2777.9841,2778.5591,2779.9321,2780.1125,2781.4997,2782.4477,2783.308,2783.3021,2784.9403,2785.8774,2785.9489,2787.2019,2788.1582,2789.7387,2789.656,2790.3744,2790.2322,2790.5322,2791.9707,2792.9503,2792.9016,2793.3407,2794.484,2795.0232,2795.4248,2795.7288,2796.3982,2797.1593,2798.3987,2799.5456,2799.8443,2800.6731,2800.8386,2801.513,2802.3341,2803.0696,2804.5739,2804.3893,2805.8398,2805.414,2806.139,2806.9925,2806.5023,2805.3966,2805.8561,2806.134,2807.4785,2807.6327,2807.9412,2808.3467,2808.4889,2808.8636,2808.7627,2808.9105,2809.4081,2809.4161,2810.9486,2811.0352,2811.6772,2812.3436,2812.8018,2813.3566,2814.2919,2814.5489,2815.24,2816.567,2817.6698,2818.5238,2819.0056,2819.3514,2821.0314,2821.9832,2822.5297,2822.99,2822.7848
30,133811,Kotak Low Duration Fund- Direct Plan- Weekly Reinvestment of Income Distribution cum capital withdrawal option,1199.7089,1200.3852,1199.3174,1199.5073,1199.7178,1200.0647,1199.6447,1198.463,1198.3462,1197.7573,1197.6279,1197.3183,1197.2803,1197.795,1197.8694,1197.5668,1197.8816,1197.9759,1198.1767,1198.5055,1197.8757,1197.4604,1197.4203,1197.3324,1197.3282,1197.8791,1197.8237,1197.7945,1198.1013,1198.4774,1199.0399,1199.2934,1199.4457,1199.8342,1199.8445,1198.5511,1198.6782,1198.8589,1198.7934,1199.2029,1199.0442,1199.2332,1199.332,1199.2194,1199.6946,1198.8249,1198.8999,1198.6576,1197.4812,1197.1223,1197.418,1197.9087,1199.0114,1199.6791,1199.7,1200.2621,1200.6573,1200.7086,1201.6853,1199.144,1200.2267,1199.172,1199.2408,1199.6095,1199.5772,1199.8255,1199.37,1199.4478,1200.0463,1199.1865,1199.5574,1199.5549,1200.2609,1199.1814,1199.2122,1199.7515,1200.1632,1200.8438,1198.7419,1199.0508,1198.9897,1199.1186,1199.7367,1199.1985,1199.1776,1199.3661,1199.857,1199.009,1199.1812,1199.3116,1199.5988,1199.9253,1199.3092,1199.8006,1199.9286,1200.2838,1198.8484,1199.1371,1199.4886,1199.8034,1200.4473,1198.6984,1199.3185,1199.1365,1199.4463,1199.8111,1198.568,1198.0958,1198.292,1198.4107,1198.9849,1198.8434,1198.9752,1199.1483,1199.2091,1199.369,1198.7345,1198.7974,1199.0098,1199.0132,1199.6673,1198.8144,1199.0883,1199.3725,1199.5679,1199.8045,1199.1764,1199.286,1199.5805,1200.146,1200.6159,1199.1414,1199.3463,1199.4935,1200.2082,1199.1825,1199.4147,1199.6103,1199.5231
31,119739,Kotak Bond Short Term Plan-(Growth) - Direct,43.4623,43.5079,43.5372,43.5361,43.5426,43.5567,43.5053,43.4707,43.449,43.4283,43.4081,43.3964,43.391,43.4024,43.4006,43.3883,43.396,43.4023,43.4168,43.4238,43.3018,43.2123,43.2443,43.2501,43.2097,43.2388,43.1985,43.1913,43.1989,43.2153,43.2365,43.2493,43.233,43.2225,43.1867,43.1719,43.1784,43.1899,43.1813,43.2083,43.2151,43.2145,43.2222,43.1953,43.2148,43.197,43.2004,43.1814,43.0975,43.0972,43.1158,43.1367,43.195,43.2508,43.3253,43.3696,43.3987,43.413,43.452,43.4781,43.5414,43.5735,43.5886,43.5938,43.5925,43.5931,43.5847,43.5668,43.589,43.5992,43.6203,43.6362,43.6804,43.7295,43.7517,43.7527,43.7859,43.8097,43.8041,43.8294,43.8274,43.8321,43.8406,43.8823,43.8859,43.8905,43.9051,43.922,43.9509,43.9508,43.9626,43.9825,44.0128,44.0142,44.0142,44.013,44.0084,44.0156,44.037,44.0521,44.0871,44.0961,44.1324,44.1426,44.1731,44.1798,44.1477,44.1166,44.1186,44.1315,44.1526,44.1443,44.1346,44.1485,44.1456,44.1364,44.1279,44.1238,44.1324,44.1282,44.1518,44.1093,44.13,44.1666,44.1803,44.1625,44.1913,44.1958,44.2212,44.2677,44.2832,44.3077,44.3089,44.3171,44.346,44.3678,44.3764,44.3814,44.3759
32,125254,Kotak Bond Short Term Plan-(Half Yearly Payout of Income Distribution cum capital withdrawal option) - Direct,15.3879,15.404,15.4144,15.414,15.4163,15.4213,15.4031,15.3908,15.3832,15.3758,15.3687,15.3645,15.3626,15.3666,15.366,15.3617,15.3644,15.3666,15.3717,15.3742,15.331,15.2993,15.3107,15.3127,15.2984,15.3087,15.2945,15.2919,15.2946,15.3004,15.3079,15.3125,15.3067,15.3015,15.2888,15.2836,15.2858,15.2899,15.2869,15.2964,15.2988,15.2986,15.3014,15.2918,15.2987,15.2924,15.2936,15.2869,15.2572,15.2571,15.2637,15.2711,15.2917,15.3115,15.3379,15.3535,15.3639,15.3689,15.3827,15.3919,15.4144,15.4257,15.4311,15.4329,15.4325,15.4326,15.4297,15.4234,15.4312,15.4348,15.4423,15.4479,15.4636,15.4809,15.4888,15.4892,15.5009,15.5093,15.5073,15.5163,15.5156,15.5173,15.5203,15.5351,15.5363,15.538,15.5431,15.5491,15.5593,15.5593,15.5635,15.5705,15.5812,15.5818,15.5817,15.5813,15.5797,15.5822,15.5898,15.5951,15.6075,15.6108,15.6236,15.6272,15.638,15.6404,15.629,15.618,15.6187,15.6233,15.6307,15.6278,15.6244,15.6293,15.6283,15.625,15.622,15.6205,15.6236,15.6221,15.6304,15.6154,15.6227,15.6357,15.6405,15.6342,15.6444,15.646,15.655,15.6715,15.677,15.6857,15.6861,15.689,15.6992,15.7069,15.71,15.7117,15.7098
33,119738,Kotak Bond Short Term Plan-(Payout of Income Distribution cum capital withdrawal option) - Direct,13.619,13.6332,13.6424,13.6421,13.6441,13.6485,13.6324,13.6216,13.6148,13.6083,13.602,13.5983,13.5966,13.6002,13.5996,13.5958,13.5982,13.6002,13.6047,13.6069,13.5687,13.5406,13.5506,13.5524,13.5398,13.5489,13.5363,13.534,13.5364,13.5415,13.5482,13.5522,13.5471,13.5438,13.5326,13.528,13.53,13.5336,13.5309,13.5393,13.5415,13.5413,13.5437,13.5353,13.5414,13.5358,13.5369,13.5309,13.5046,13.5045,13.5104,13.5169,13.5352,13.5527,13.576,13.5899,13.599,13.6035,13.6157,13.6239,13.6437,13.6538,13.6585,13.6601,13.6597,13.6599,13.6573,13.6517,13.6586,13.6618,13.6684,13.6734,13.6873,13.7026,13.7096,13.7099,13.7203,13.7278,13.726,13.7339,13.7333,13.7348,13.7375,13.7506,13.7517,13.7531,13.7577,13.763,13.772,13.772,13.7757,13.7819,13.7914,13.7919,13.7919,13.7915,13.79,13.7923,13.799,13.8037,13.8147,13.8175,13.8289,13.8321,13.8417,13.8438,13.8337,13.8239,13.8246,13.8286,13.8352,13.8326,13.8296,13.8339,13.833,13.8302,13.8275,13.8262,13.8289,13.8276,13.835,13.8217,13.8282,13.8396,13.8439,13.8383,13.8474,13.8488,13.8567,13.8713,13.8762,13.8838,13.8842,13.8868,13.8959,13.9027,13.9054,13.9069,13.9052
