,Scheme Id,Scheme Name,01-Jan-2021,04-Jan-2021,05-Jan-2021,06-Jan-2021,07-Jan-2021,08-Jan-2021,11-Jan-2021,12-Jan-2021,13-Jan-2021,14-Jan-2021,15-Jan-2021,18-Jan-2021,19-Jan-2021,20-Jan-2021,21-Jan-2021,22-Jan-2021,25-Jan-2021,27-Jan-2021,28-Jan-2021,29-Jan-2021,01-Feb-2021,02-Feb-2021,03-Feb-2021,04-Feb-2021,05-Feb-2021,08-Feb-2021,09-Feb-2021,10-Feb-2021,11-Feb-2021,12-Feb-2021,15-Feb-2021,16-Feb-2021,17-Feb-2021,18-Feb-2021,19-Feb-2021,22-Feb-2021,23-Feb-2021,24-Feb-2021,25-Feb-2021,26-Feb-2021,01-Mar-2021,02-Mar-2021,03-Mar-2021,04-Mar-2021,05-Mar-2021,08-Mar-2021,09-Mar-2021,10-Mar-2021,12-Mar-2021,15-Mar-2021,16-Mar-2021,17-Mar-2021,18-Mar-2021,19-Mar-2021,22-Mar-2021,23-Mar-2021,24-Mar-2021,25-Mar-2021,26-Mar-2021,30-Mar-2021,31-Mar-2021,01-Apr-2021,05-Apr-2021,06-Apr-2021,07-Apr-2021,08-Apr-2021,09-Apr-2021,12-Apr-2021,13-Apr-2021,15-Apr-2021,16-Apr-2021,19-Apr-2021,20-Apr-2021,22-Apr-2021,23-Apr-2021,26-Apr-2021,27-Apr-2021,28-Apr-2021,29-Apr-2021,30-Apr-2021,03-May-2021,04-May-2021,05-May-2021,06-May-2021,07-May-2021,10-May-2021,11-May-2021,12-May-2021,14-May-2021,17-May-2021,18-May-2021,19-May-2021,20-May-2021,21-May-2021,24-May-2021,25-May-2021,26-May-2021,27-May-2021,28-May-2021,31-May-2021,01-Jun-2021,02-Jun-2021,03-Jun-2021,04-Jun-2021,07-Jun-2021,08-Jun-2021,09-Jun-2021,10-Jun-2021,11-Jun-2021,14-Jun-2021,15-Jun-2021,16-Jun-2021,17-Jun-2021,18-Jun-2021,21-Jun-2021,22-Jun-2021,23-Jun-2021,24-Jun-2021,25-Jun-2021,28-Jun-2021,29-Jun-2021,30-Jun-2021,01-Jul-2021,02-Jul-2021,05-Jul-2021,06-Jul-2021,07-Jul-2021,08-Jul-2021,09-Jul-2021,12-Jul-2021,13-Jul-2021,14-Jul-2021,15-Jul-2021,16-Jul-2021,19-Jul-2021,20-Jul-2021,22-Jul-2021,23-Jul-2021,26-Jul-2021,27-Jul-2021,28-Jul-2021,29-Jul-2021,30-Jul-2021
0,120505,Axis Midcap Fund - Direct Plan - Growth,55.5,56.26,56.6,56.54,56.7,57.33,57.47,57.23,56.95,56.94,56.2,55.29,56.23,56.81,56.57,55.87,55.45,54.84,54.53,54.06,55.51,56.61,57.6,58.15,57.8,58.68,58.53,58.8,58.93,58.94,59.91,60.04,59.81,59.78,59.31,58.66,58.9,59.33,59.79,59.04,59.7,60.74,61.61,61.65,60.91,61.03,61.27,61.84,61.52,61.23,61.36,60.32,59.47,59.86,60.14,60.17,59.24,58.49,59.35,60.19,60.41,60.82,59.8,59.83,60.87,61.26,61.46,59.15,59.27,59.47,60.24,59.6,59.59,59.61,59.85,60.21,60.81,61.48,61.47,61.05,61.28,60.84,61.42,62.07,61.7,61.62,62.02,61.44,61.09,62.06,63.02,62.79,62.89,63.27,63.43,63.46,63.75,64.04,63.86,64.34,64.19,64.66,65.34,65.4,65.82,65.99,65.58,66.47,66.51,66.65,67.22,66.84,66.76,66.46,66.65,66.65,66.45,66.74,67.04,67.46,67.16,67.53,67.6,68.09,68.26,68.55,68.67,68.56,68.6,68.72,68.92,69.49,69.71,69.7,69.43,69.02,69.76,69.87,70.11,69.77,69.71,70.43,70.75
1,120504,Axis Midcap Fund - Direct Plan - IDCW,37.13,37.64,37.86,37.82,37.93,38.35,38.45,38.28,38.1,38.09,37.6,36.99,37.62,38.01,37.84,37.38,37.09,36.69,36.48,36.16,37.14,37.87,38.53,38.9,38.67,39.25,39.15,39.33,39.42,39.43,40.08,40.17,40.01,39.99,39.68,39.24,39.4,39.69,40.0,36.0,36.4,37.03,37.56,37.59,37.14,37.21,37.36,37.7,37.51,37.33,37.41,36.78,36.26,36.5,36.67,36.68,36.12,35.66,36.18,36.7,36.83,37.08,36.46,36.48,37.11,37.35,37.48,36.06,36.14,36.26,36.73,36.34,36.33,36.34,36.49,36.71,37.08,37.49,37.48,37.23,37.36,37.1,37.45,37.85,37.62,37.57,37.81,37.46,37.25,37.84,38.43,38.29,38.34,38.58,38.67,38.69,38.87,39.04,38.94,39.23,39.14,39.42,39.84,39.88,40.13,40.24,39.99,40.53,40.55,40.64,40.98,40.76,40.71,40.52,40.64,40.64,40.52,40.7,40.88,41.14,40.95,41.18,41.22,41.52,41.62,41.8,41.87,41.8,41.83,41.9,42.02,42.37,42.5,42.5,42.34,42.08,42.54,42.6,42.75,42.54,42.5,42.95,43.14
2,125354,Axis Small Cap Fund - Direct Plan - Growth,43.11,43.63,44.05,43.96,44.34,44.68,44.64,44.64,44.66,44.63,44.1,43.38,44.16,44.45,44.09,43.48,42.96,42.76,42.44,42.63,43.67,44.39,45.05,45.47,45.41,46.11,45.96,45.77,46.15,46.32,46.33,46.4,46.38,46.34,46.04,45.61,45.85,46.03,46.15,45.98,46.51,46.86,47.34,47.52,47.1,47.28,47.19,47.54,47.69,47.85,47.93,47.3,46.6,46.89,47.23,47.34,46.71,46.19,46.83,47.62,47.94,48.42,47.83,48.28,49.0,49.59,49.91,47.89,48.29,48.14,48.41,47.92,47.96,48.22,48.5,48.79,49.31,49.94,50.27,50.25,50.45,50.53,51.06,51.48,51.47,51.61,51.83,51.52,51.3,52.33,52.64,52.9,53.23,53.52,54.0,53.91,54.16,54.33,53.91,53.91,54.0,54.39,54.51,54.74,55.02,55.41,55.07,55.51,55.67,55.43,55.4,55.17,55.04,54.8,54.96,55.29,55.24,55.34,55.55,56.14,56.23,57.19,57.25,57.94,58.47,58.58,58.85,58.8,58.83,59.23,59.64,60.11,60.43,60.45,60.09,59.9,60.43,60.41,60.72,61.0,60.63,61.16,61.09
3,125351,Axis Small Cap Fund - Direct Plan - IDCW,29.56,29.92,30.21,30.15,30.41,30.65,30.62,30.61,30.63,30.61,30.24,29.75,30.29,30.49,30.24,29.82,29.46,29.33,29.11,29.24,29.95,30.44,30.9,31.18,31.14,31.62,31.52,31.39,31.65,31.77,31.78,31.82,31.81,31.78,31.57,31.28,31.44,31.57,31.65,31.54,31.9,32.14,32.47,32.59,32.3,32.43,32.36,32.6,32.71,32.82,32.88,32.44,31.96,32.16,32.39,32.47,32.04,31.68,29.42,29.91,30.11,30.42,30.04,30.33,30.78,31.15,31.36,30.08,30.33,30.24,30.41,30.1,30.13,30.29,30.47,30.65,30.98,31.37,31.58,31.57,31.69,31.74,32.08,32.34,32.34,32.42,32.56,32.36,32.23,32.88,33.07,33.23,33.44,33.62,33.92,33.86,34.02,34.14,33.87,33.87,33.92,34.17,34.25,34.39,34.57,34.81,34.6,34.88,34.97,34.82,34.8,34.66,34.58,34.43,34.53,34.73,34.7,34.77,34.9,35.27,35.33,35.93,35.97,36.4,36.74,36.8,36.97,36.94,36.96,37.21,37.47,37.77,37.97,37.98,37.75,37.63,37.96,37.95,38.15,38.32,38.09,38.42,38.38
4,120381,ICICI Prudential MidCap Fund - Direct Plan -  Growth,123.21,125.25,125.9,126.27,127.49,128.67,128.28,129.13,128.73,129.0,127.66,124.99,127.37,128.29,127.0,125.47,124.16,122.58,121.94,121.59,125.14,128.51,130.4,131.8,130.62,132.4,132.78,133.89,134.79,134.67,135.87,135.85,135.89,135.43,133.68,131.9,133.22,134.49,136.56,135.19,136.69,138.59,140.97,141.81,139.43,139.98,139.65,140.61,139.7,139.28,139.66,136.83,135.41,136.51,137.27,137.64,135.01,133.31,135.32,136.74,137.02,138.34,136.1,136.5,138.64,139.93,140.17,133.68,134.9,134.58,135.79,133.47,133.68,134.01,134.78,136.51,138.58,140.16,139.38,138.53,139.55,138.81,139.71,141.06,141.23,142.06,143.05,141.75,140.5,142.19,144.48,144.64,144.72,146.57,147.73,148.41,149.12,149.35,149.48,150.29,149.67,150.66,152.3,153.45,155.66,156.16,154.92,157.58,157.62,157.13,157.97,156.86,155.3,154.03,155.04,155.37,155.09,155.54,157.81,158.37,157.99,158.46,159.05,159.19,160.36,160.71,161.31,160.92,161.08,161.9,163.11,164.45,164.48,165.21,164.87,162.08,163.46,164.09,164.47,164.04,163.1,165.14,166.15
5,120380,ICICI Prudential MidCap Fund - Direct Plan -  IDCW,30.55,31.06,31.22,31.31,31.61,31.91,31.81,32.02,31.92,31.99,31.66,31.0,31.58,31.81,31.49,31.11,30.79,30.4,30.24,30.15,31.03,31.87,32.34,32.68,32.39,32.83,32.93,33.2,33.42,33.39,33.69,33.69,33.7,33.58,33.15,32.71,33.04,33.35,33.86,33.53,33.9,34.37,34.96,35.17,34.58,34.71,34.63,34.87,34.64,34.54,34.63,33.93,33.58,33.85,34.04,34.13,33.48,33.06,33.56,33.91,33.98,34.31,33.75,33.85,34.38,34.7,34.76,33.15,33.45,33.37,33.67,33.1,33.15,33.23,33.42,33.85,34.37,34.76,34.56,34.35,34.61,34.42,34.64,34.98,35.02,35.23,35.47,35.15,34.84,35.26,35.83,35.87,35.89,36.35,36.63,36.8,36.98,37.03,37.07,37.27,37.12,37.36,37.77,38.05,38.6,38.73,38.42,39.08,39.09,38.96,39.17,38.9,38.51,38.2,38.45,38.53,38.46,38.57,39.13,39.27,39.18,39.29,39.44,39.48,39.77,39.85,40.0,39.91,39.95,40.15,40.45,40.78,40.79,40.97,40.88,40.19,40.54,40.69,40.78,40.68,40.45,40.95,41.2
6,120599,ICICI Prudential Multicap Fund - Direct Plan -  Growth,352.66,356.45,358.92,358.84,360.72,364.42,366.1,369.43,370.14,369.32,365.02,358.98,364.69,366.98,365.13,363.32,361.06,355.11,352.51,350.2,365.17,376.15,380.47,384.36,383.19,388.57,388.77,389.5,392.62,393.72,398.44,397.6,398.04,397.7,392.04,385.82,389.08,394.74,397.72,389.05,393.6,397.36,403.85,402.98,397.03,398.08,398.65,400.95,398.27,396.31,396.31,389.59,384.29,386.82,385.66,388.72,381.8,376.66,381.18,385.72,384.61,389.39,382.45,382.35,387.88,390.42,389.58,372.19,378.0,378.64,380.25,374.06,373.14,376.39,375.54,379.67,383.87,390.51,390.35,386.61,387.86,385.7,387.9,390.48,391.78,395.67,397.58,395.3,393.0,400.36,406.42,407.15,406.73,413.75,417.16,417.32,419.83,420.48,418.29,421.19,418.89,422.62,426.53,426.96,431.1,431.12,426.9,431.25,430.71,430.63,433.19,431.13,427.49,424.8,426.87,428.09,426.73,428.56,431.36,431.77,430.72,431.72,431.74,432.8,435.63,436.92,437.88,435.12,436.18,439.39,444.1,446.18,448.2,452.56,450.16,443.32,450.59,452.08,451.42,450.6,449.52,453.67,454.6
7,120598,ICICI Prudential Multicap Fund - Direct Plan -  IDCW,30.9,31.24,31.45,31.45,31.61,31.93,32.08,32.37,32.44,32.36,31.99,31.46,31.96,32.16,32.0,31.84,31.64,31.12,30.89,30.69,32.0,32.96,33.34,33.68,33.58,34.05,34.07,34.13,34.41,34.5,34.92,34.84,34.88,34.85,34.36,33.81,34.1,34.59,34.85,34.09,34.49,34.82,35.39,35.31,34.79,34.88,34.93,35.14,34.9,34.73,34.73,34.14,33.68,33.9,33.8,34.06,33.46,33.01,33.4,33.8,33.7,34.12,33.51,33.51,33.99,34.21,34.14,32.62,33.12,33.18,33.32,32.78,32.7,32.98,32.91,33.27,33.64,34.22,34.21,33.88,33.99,33.8,33.99,34.22,34.33,34.67,34.84,34.64,34.44,35.08,35.62,35.68,35.64,36.26,36.56,36.57,36.79,36.85,36.66,36.91,36.71,37.03,37.38,37.42,37.78,37.78,37.41,37.79,37.74,37.74,37.96,37.78,37.46,37.23,37.41,37.51,37.4,37.56,37.8,37.84,37.74,37.83,37.83,37.93,38.17,38.29,38.37,38.13,38.22,38.5,38.92,39.1,39.28,39.66,39.45,38.85,39.49,39.62,39.56,39.49,39.39,39.76,39.84
8,119716,SBI Magnum MIDCAP FUND - DIRECT PLAN - GROWTH,100.8869,102.5264,103.4048,103.8013,104.699,105.338,105.1341,105.4448,104.6128,104.4844,103.7503,101.7763,103.9779,104.8125,104.1236,103.2034,102.1747,101.2687,100.5485,100.2825,102.7829,105.3904,107.0542,107.805,107.794,110.1177,110.2697,111.427,112.2034,112.4864,114.4209,114.0853,114.7459,115.4194,114.4506,112.5446,113.0464,113.3201,115.3058,114.6019,115.1797,116.4322,117.6722,118.4596,116.6048,116.5297,116.4931,117.4707,116.9008,116.5934,116.3909,114.3241,112.5534,112.9499,114.5483,115.328,113.65,111.4032,114.049,115.3389,116.2518,117.0879,115.2546,115.9727,117.9767,119.0632,118.9084,113.5214,114.7228,114.6032,115.8149,114.0616,114.5406,114.9692,115.0004,116.0131,117.3004,118.3582,118.9247,118.4928,118.9654,118.3485,118.7428,119.5362,119.0392,119.3734,119.8525,118.7034,117.2374,118.5097,120.296,120.46,120.8968,121.8224,122.7685,122.6415,123.0361,123.0145,122.9266,122.8424,122.2549,123.1089,124.4015,125.5158,126.5575,127.2155,126.3443,127.6723,127.7721,127.3024,128.2559,127.5987,127.0855,126.5602,126.9303,127.3704,127.474,128.1773,129.0043,129.8706,129.069,129.6817,130.1966,131.4617,131.9736,131.9779,132.6927,131.8296,132.4228,133.4419,134.0968,134.5157,134.6215,135.2064,134.6918,133.7245,134.9515,135.2285,135.1396,133.8582,133.3092,134.7269,135.9281
9,119715,SBI Magnum MidCap Fund - Direct Plan - Income Distribution cum Capital Withdrawal Option (IDCW),57.1972,58.1267,58.6247,58.8495,59.3584,59.7206,59.6051,59.7812,59.3086,59.2358,58.8196,57.7005,58.9486,59.4218,59.0312,58.5095,57.9264,57.4127,57.0044,56.8537,58.2709,59.7492,60.6924,61.1181,61.1117,62.4291,62.5153,63.1714,63.6116,63.772,64.8687,64.6784,65.0529,65.4347,64.8855,63.805,64.0894,64.2446,65.3702,64.9712,65.2987,66.0089,66.7118,67.1582,66.1067,66.0641,66.0434,66.5976,66.2745,66.1002,65.9854,64.8137,63.8099,64.0346,64.9408,65.3828,64.4315,63.1577,64.6577,65.389,65.9065,66.3806,65.3412,65.7483,66.8845,67.5004,67.4127,64.3586,65.0398,64.9719,65.6589,64.6649,64.9364,65.1795,65.1971,65.7712,66.5011,67.1008,67.422,67.1771,67.445,67.0953,67.3188,67.7687,67.4869,67.6764,67.948,67.2965,66.4654,67.1867,68.1994,68.2924,68.54,69.0647,69.6012,69.5291,69.7529,69.7408,69.6911,69.6434,69.3103,69.7945,70.5273,71.1591,71.7497,72.1227,71.6288,72.3817,72.4383,72.172,72.7125,72.34,72.049,71.7512,71.961,72.2105,72.2693,72.668,73.1368,73.628,73.1735,73.5209,73.8128,74.5301,74.8203,74.8227,75.228,74.7386,75.075,75.6527,76.024,76.2614,76.3214,76.6531,76.3613,75.8129,76.5086,76.6656,76.6152,75.8887,75.5775,76.3812,77.0622
10,125497,SBI Small Cap Fund - Direct Plan - Growth,78.961,79.9178,80.6897,80.8795,81.8689,82.4047,82.0949,81.9853,81.6065,81.0944,80.5302,79.4401,80.6173,80.6259,80.5094,79.6084,78.9867,78.2494,77.7009,77.8537,79.4344,80.6225,81.6538,82.4453,82.6153,83.4924,83.1303,83.3864,84.1694,84.5864,85.0276,84.5871,84.8193,85.5317,84.9273,83.6608,84.0135,84.7936,86.3588,85.7878,86.8947,87.7662,88.4923,88.9623,88.2252,88.5876,88.3161,88.6966,88.9315,88.5963,88.5682,87.2732,86.0465,85.7498,86.4156,87.5212,86.1717,84.6698,85.5087,86.6977,87.4737,88.4903,87.5976,88.3419,88.9063,89.9964,90.0091,86.272,86.9516,87.1259,87.3888,86.7783,87.1948,87.767,87.9149,88.5558,89.5712,90.332,90.6173,90.4752,91.3828,91.3626,92.0577,92.1186,92.2135,92.846,93.5737,92.9124,92.2765,92.9585,93.9225,94.7558,95.0316,95.3914,96.0305,96.8992,97.3437,97.9063,97.2483,97.38,97.2044,98.0796,98.125,98.8539,99.9491,100.1122,99.0036,99.9654,99.8345,99.2339,99.6014,99.1338,98.6026,98.4344,98.8195,99.366,99.71,99.7729,100.1155,100.7862,100.5042,100.9756,101.142,101.8067,102.4792,102.8988,103.5981,103.0963,103.1664,104.1041,104.6746,105.2564,105.0695,104.9914,104.8046,103.3603,104.1531,104.3972,104.4083,103.8914,103.617,104.8903,105.3714
11,125496,SBI Small Cap Fund - Direct Plan - Income Distribution cum Capital Withdrawal Option (IDCW),53.8929,54.5461,55.073,55.2025,55.8778,56.2435,56.032,55.957,55.6984,55.3489,54.9638,54.22,55.0235,55.0294,54.9499,54.3349,53.9106,53.4074,53.0331,53.1374,54.2163,55.0271,55.7311,56.2713,56.3872,56.9858,56.7387,56.9135,57.4479,57.7325,58.0336,57.7334,57.8919,58.3781,57.9656,57.1011,57.3419,57.8743,58.9426,58.5529,59.3084,59.9032,60.3988,60.7196,60.2165,60.4639,60.2786,60.5383,60.6986,60.4698,60.4506,59.5667,58.7295,58.527,58.9814,59.736,58.8149,57.7899,58.3625,59.174,59.7036,60.3975,59.7882,60.2962,60.6815,61.4256,61.4342,58.8835,59.3474,59.4663,59.6458,59.2291,59.5134,59.9039,60.0049,60.4423,61.1353,61.6546,61.8493,61.7523,62.3718,62.358,62.8324,62.874,62.9388,63.3705,63.8672,63.4158,62.9818,63.4473,64.1053,64.674,64.8623,65.1078,65.5441,66.137,66.4403,66.8243,66.3752,66.4651,66.3453,66.9426,66.9736,67.4711,68.2186,68.3299,67.5733,68.2297,68.1404,67.7305,67.9812,67.6621,67.2995,67.1847,67.4476,67.8206,68.0554,68.0983,68.3322,68.7899,68.5974,68.9192,69.0327,69.4865,69.9455,70.2319,70.7092,70.3667,70.4145,71.0545,71.4439,71.841,71.7135,71.6601,71.5326,70.5468,71.088,71.2546,71.2621,70.9093,70.7221,71.5912,71.9195
12,118989,HDFC Mid-Cap Opportunities Fund - Growth Option - Direct Plan,70.467,71.773,72.291,72.085,72.311,72.888,72.901,73.114,72.719,72.931,71.988,70.824,72.125,72.736,72.369,71.742,71.067,70.325,69.914,69.421,71.393,72.757,74.116,74.977,74.63,75.795,75.316,75.724,76.211,76.146,77.316,77.548,77.7,77.853,77.186,76.291,76.696,77.278,78.267,77.585,78.736,79.827,80.789,80.996,79.619,79.8,79.504,80.125,80.109,79.685,79.828,78.331,77.09,77.635,78.04,78.066,76.813,75.79,77.011,77.938,78.529,79.542,78.094,78.613,79.943,80.217,80.286,76.684,77.909,77.682,78.332,76.95,77.342,77.47,77.858,78.56,79.569,80.327,80.397,80.293,80.485,80.169,80.811,81.464,81.16,81.657,82.301,81.658,80.709,82.624,83.598,83.605,83.922,84.385,85.027,84.908,84.802,84.845,84.713,85.35,84.942,85.726,86.362,86.676,87.62,88.158,87.707,88.811,88.759,88.732,88.957,88.282,87.579,86.754,86.923,87.002,87.119,87.344,87.906,88.448,87.963,88.516,88.673,89.593,90.002,89.744,90.256,89.772,89.821,90.316,90.86,90.988,90.863,91.3,90.735,89.576,90.932,91.222,91.292,90.817,90.74,91.347,91.925
13,118988,HDFC Mid-Cap Opportunities Fund - IDCW Option - Direct Plan,38.191,38.899,39.18,39.067,39.19,39.503,39.51,39.625,39.411,39.526,39.015,38.384,39.089,39.42,39.221,38.881,38.516,38.114,37.891,37.624,38.692,39.432,40.168,40.634,40.446,41.078,40.818,41.039,41.303,41.268,41.902,42.027,42.11,42.193,41.831,41.346,41.566,41.881,42.417,39.047,39.636,40.186,40.67,40.774,40.081,40.172,40.023,40.336,40.328,40.114,40.186,39.433,38.808,39.082,39.286,39.299,38.668,38.154,38.768,39.235,39.532,40.042,39.313,39.575,40.244,40.382,40.417,38.604,39.22,39.106,39.433,38.737,38.935,38.999,39.195,39.548,40.056,40.437,40.473,40.42,40.517,40.358,40.681,41.01,40.857,41.107,41.431,41.107,40.629,41.594,42.084,42.087,42.247,42.48,42.803,42.743,42.69,42.712,42.645,42.966,42.76,43.155,43.475,43.633,44.109,44.379,44.153,44.708,44.682,44.668,44.782,44.442,44.088,43.673,43.758,43.798,43.856,43.97,44.253,44.526,44.281,44.56,44.639,45.102,45.308,45.178,45.436,45.192,45.216,45.466,45.74,45.804,45.741,45.961,45.677,45.093,45.776,45.922,45.957,45.718,45.679,45.985,46.276
14,130503,HDFC Small Cap Fund - Growth Option - Direct Plan,50.639,51.277,51.583,51.586,51.654,52.33,52.257,52.48,52.697,52.564,52.067,51.243,51.848,52.218,52.34,51.854,51.39,51.034,50.85,50.631,51.329,52.188,53.137,54.319,54.908,56.467,56.002,56.055,56.729,56.807,56.808,56.652,56.747,57.321,57.008,56.484,56.902,57.154,57.804,57.097,57.633,58.226,58.654,59.235,58.379,58.25,58.101,58.438,58.495,58.26,58.758,57.751,56.774,56.805,57.184,57.513,56.833,56.101,56.487,57.549,57.724,58.689,58.17,58.714,59.211,59.788,60.441,57.718,58.403,58.313,59.039,58.131,58.252,58.419,58.416,58.816,59.524,60.017,60.041,60.049,61.184,60.881,61.59,61.491,61.684,62.426,62.646,62.55,62.096,63.044,63.742,64.307,64.825,65.084,65.846,65.98,66.498,66.997,66.461,66.506,66.084,67.294,67.813,68.4,68.888,69.14,68.691,69.837,70.087,70.259,70.504,70.338,70.079,69.864,69.988,70.426,70.078,69.973,70.323,70.769,71.656,72.278,73.003,73.037,73.387,72.877,73.113,73.167,73.381,74.239,74.693,74.999,75.598,76.383,76.191,75.062,76.385,76.64,77.197,77.022,76.31,77.129,77.315
15,130504,HDFC Small Cap Fund - IDCW Option - Direct Plan,31.23,31.624,31.812,31.814,31.856,32.273,32.228,32.365,32.499,32.418,32.112,31.604,31.977,32.206,32.281,31.982,31.696,31.476,31.362,31.228,31.658,32.188,32.773,33.503,33.865,34.827,34.54,34.573,34.989,35.037,35.037,34.941,34.999,35.354,35.161,34.837,35.095,35.251,35.651,35.216,35.546,35.912,36.176,36.534,36.006,35.927,35.835,36.042,36.078,35.933,36.24,35.619,35.017,32.535,32.752,32.941,32.551,32.132,32.353,32.961,33.061,33.614,33.316,33.628,33.913,34.243,34.618,33.058,33.45,33.398,33.815,33.294,33.364,33.459,33.457,33.687,34.092,34.375,34.388,34.393,35.043,34.869,35.276,35.219,35.329,35.755,35.88,35.825,35.565,36.108,36.508,36.832,37.128,37.277,37.713,37.79,38.087,38.372,38.065,38.091,37.85,38.543,38.84,39.176,39.456,39.6,39.342,39.999,40.142,40.241,40.381,40.286,40.137,40.014,40.085,40.336,40.137,40.077,40.277,40.533,41.041,41.397,41.813,41.832,42.032,41.74,41.875,41.906,42.029,42.52,42.781,42.956,43.299,43.748,43.638,42.992,43.749,43.896,44.214,44.114,43.706,44.176,44.282
16,119775,Kotak Emerging Equity Scheme - Growth - Direct,54.673,55.415,55.855,56.135,56.709,57.333,57.368,57.403,57.086,57.294,56.764,55.72,56.691,57.037,56.892,56.192,55.983,55.378,55.243,54.977,56.293,57.515,58.473,59.447,59.202,60.416,60.262,60.826,61.018,61.206,61.893,62.103,61.976,62.07,61.359,60.729,61.41,61.912,62.446,61.844,62.641,63.36,64.128,64.556,63.683,63.683,63.395,64.036,63.856,63.341,63.439,62.337,61.743,62.143,62.454,62.872,61.879,61.135,61.869,63.002,63.187,63.745,63.045,63.394,64.183,64.715,64.937,62.405,62.974,62.761,63.307,62.253,62.477,62.627,62.739,63.065,63.97,64.494,64.46,63.852,64.129,63.944,64.672,64.812,64.579,64.855,65.087,64.59,63.97,64.998,65.86,66.146,66.069,66.545,66.873,66.888,67.066,67.38,67.518,67.82,67.462,68.197,68.978,69.185,69.648,70.047,69.519,70.297,70.441,70.442,70.785,70.443,70.352,69.794,70.076,70.187,70.337,70.53,71.214,71.596,71.344,71.822,72.006,72.32,72.4,72.559,72.632,72.341,72.592,72.893,73.06,73.158,73.275,73.29,73.104,72.434,73.163,73.857,74.446,74.01,73.664,74.053,74.824
17,119774,Kotak Emerging Equity Scheme - Payout of Income Distribution cum capital withdrawal option - Direct,32.574,33.016,33.278,33.445,33.787,34.159,34.18,34.201,34.012,34.136,33.82,33.198,33.776,33.983,33.896,33.479,33.355,32.994,32.914,32.755,33.539,34.268,34.838,35.418,35.273,35.996,35.904,36.24,36.355,36.467,36.876,37.001,36.925,36.981,36.558,36.182,36.588,36.887,37.205,36.846,37.321,37.75,38.208,38.463,37.943,37.942,37.771,38.152,38.046,37.738,37.797,37.14,36.786,37.025,37.21,37.459,36.868,36.424,36.861,37.537,37.647,37.979,37.562,37.77,38.24,38.557,38.689,37.181,37.52,37.393,37.718,37.091,37.224,37.313,37.38,37.574,38.114,38.426,38.405,38.043,38.208,38.098,38.531,38.615,38.476,38.641,38.779,38.482,38.113,38.726,39.239,39.41,39.364,39.648,39.843,39.852,39.958,40.145,40.227,40.407,40.194,40.632,41.097,41.221,41.496,41.734,41.42,41.883,41.968,41.969,42.174,41.97,41.916,41.583,41.751,41.817,41.907,42.021,42.43,42.657,42.507,42.791,42.901,43.088,43.136,43.231,43.274,43.101,43.251,43.43,43.529,43.588,43.657,43.666,43.555,43.156,43.591,44.004,44.355,44.095,43.889,44.121,44.58
18,120164,Kotak-Small Cap Fund - Growth - Direct,109.608,111.122,112.596,113.072,114.346,115.049,114.892,115.042,114.567,114.483,114.033,112.154,113.652,114.231,114.174,113.673,113.212,113.015,112.358,111.981,114.393,116.487,118.372,119.793,119.822,122.321,122.513,123.713,124.959,125.575,126.455,126.068,126.591,127.222,126.358,124.999,125.278,126.777,128.501,127.718,129.204,130.404,131.73,132.648,131.578,132.218,131.959,133.24,133.684,132.804,133.057,130.897,130.117,130.434,130.877,131.646,129.42,127.858,130.141,132.109,132.89,134.188,132.554,133.088,134.478,135.565,136.317,130.712,132.052,131.957,132.737,130.511,131.329,131.751,131.868,132.702,134.852,136.411,137.176,136.686,137.957,138.133,138.471,138.392,138.214,139.424,140.291,139.357,138.188,140.517,142.23,143.05,142.793,144.145,145.903,146.301,147.321,147.997,148.538,148.891,147.912,149.557,151.118,151.106,152.263,152.951,151.447,153.018,153.362,153.321,153.939,153.497,153.501,153.473,154.209,154.363,154.107,154.601,155.213,155.68,155.52,156.38,157.498,158.705,159.494,159.814,160.392,160.079,160.289,160.74,161.978,162.404,162.75,163.622,163.598,162.418,164.015,165.235,166.131,165.645,164.954,165.832,166.702
19,120163,Kotak-Small Cap Fund - Payout of Income Distribution cum capital withdrawal option - Direct,50.604,51.303,51.984,52.203,52.791,53.116,53.044,53.113,52.893,52.855,52.647,51.779,52.471,52.738,52.712,52.481,52.268,52.177,51.874,51.699,52.813,53.78,54.65,55.306,55.32,56.474,56.563,57.117,57.692,57.976,58.383,58.204,58.445,58.737,58.338,57.71,57.839,58.531,56.443,56.099,56.751,57.278,57.861,58.264,57.794,58.075,57.961,58.524,58.719,58.332,58.443,57.495,57.152,57.291,57.486,57.824,56.846,56.16,57.163,58.027,58.37,58.94,58.223,58.457,59.068,59.545,59.875,57.413,58.002,57.96,58.303,57.325,57.685,57.87,57.921,58.287,59.232,59.917,60.253,60.038,60.596,60.673,60.822,60.787,60.709,61.24,61.621,61.211,60.697,61.72,62.473,62.833,62.72,63.314,64.086,64.261,64.709,65.006,65.243,65.398,64.969,65.691,66.377,66.372,66.879,67.182,66.521,67.211,67.362,67.344,67.616,67.422,67.423,67.411,67.734,67.802,67.689,67.907,68.175,68.38,68.31,68.688,69.179,69.709,70.056,70.196,70.45,70.313,70.405,70.603,71.147,71.334,71.486,71.869,71.858,71.34,72.042,72.577,72.971,72.757,72.454,72.839,73.222
20,120665,UTI - Core Equity Fund - Direct Plan - Growth Option,72.7255,73.5805,74.1829,74.3113,75.2468,75.9335,76.3686,77.0778,77.1794,77.381,76.6284,75.1339,76.5652,77.1404,76.2617,75.3741,74.9341,73.6613,73.4339,72.9839,76.3322,78.1709,79.0245,80.1397,80.0356,81.224,81.0987,81.2846,81.4034,81.2543,82.3716,82.5749,82.8938,82.9756,81.5189,80.3523,81.1976,82.3354,83.208,81.1826,82.3852,83.5389,85.1391,85.1236,83.7564,84.1308,83.9082,84.4522,84.0838,83.6566,83.5777,81.9712,81.229,81.8563,81.8536,82.3242,80.7474,79.8918,80.9073,82.1658,81.9794,82.9659,81.8132,81.8545,82.8215,83.3552,83.3959,79.5483,80.7571,81.0224,81.7928,80.2858,80.392,81.0643,80.9264,81.8974,82.9049,83.6897,83.8435,83.3202,83.6893,83.1558,84.0848,84.9567,85.4359,86.5531,86.6934,86.0165,85.2108,86.3808,87.4163,87.3995,87.0254,88.4211,88.8952,88.8314,89.1515,89.762,89.5648,89.8824,89.5928,90.3097,90.9415,91.3458,92.1212,92.4145,91.6059,92.7025,92.6616,92.4464,92.9739,92.527,92.0033,91.4602,91.9809,92.3124,92.0224,92.4176,93.4805,93.6808,93.5243,93.8342,93.9114,94.005,94.6751,94.3128,94.8397,94.2345,94.5646,94.8529,95.5839,96.0163,96.4319,96.7903,96.2086,94.851,96.0456,96.796,96.9206,96.6884,96.5722,97.4233,97.3223
21,120664,UTI Core Equity Fund - Direct Plan - IDCW,38.7712,39.227,39.5481,39.6166,40.1153,40.4814,40.7134,41.0914,41.1456,41.2531,40.8519,40.0551,40.8182,41.1248,40.6564,40.1832,39.9486,39.2701,39.1488,38.9089,40.694,41.6742,42.1293,42.7238,42.6683,43.3018,43.2351,43.3342,43.3975,43.318,43.9137,44.022,44.1921,44.2357,43.4591,42.8371,43.2878,43.8944,44.3596,43.2798,43.9209,44.536,45.3891,45.3808,44.6519,44.8515,41.233,41.5003,41.3193,41.1094,41.0706,40.2812,39.9165,40.2247,40.2234,40.4546,39.6798,39.2593,39.7584,40.3768,40.2852,40.77,40.2035,40.2239,40.699,40.9613,40.9813,39.0907,39.6847,39.8151,40.1937,39.4531,39.5053,39.8356,39.7679,40.2451,40.7401,41.1258,41.2014,40.9443,41.1256,40.8634,41.32,41.7484,41.9839,42.5329,42.6019,42.2692,41.8733,42.4482,42.9571,42.9488,42.765,43.4508,43.6838,43.6525,43.8098,44.1098,44.0129,44.169,44.0266,44.3789,44.6894,44.8881,45.2691,45.4132,45.0159,45.5548,45.5347,45.4289,45.6881,45.4685,45.2112,44.9443,45.2002,45.3631,45.2206,45.4148,45.9371,46.0355,45.9586,46.1109,46.1488,46.1948,46.5241,46.3461,46.605,46.3076,46.4698,46.6115,46.9707,47.1832,47.3874,47.5635,47.2777,46.6105,47.1976,47.5664,47.6276,47.5135,47.4564,47.8746,47.825
22,120727,UTI Mid Cap Fund - Direct Plan - IDCW,74.181,75.0476,76.0,75.9256,76.2536,77.2574,77.4061,77.4259,77.0929,77.0728,76.0128,74.7577,76.1288,76.9772,76.6932,75.7637,74.8235,74.2813,73.8441,73.1931,74.6028,75.9121,77.185,78.1825,77.7501,78.7225,78.6288,78.9582,79.183,78.9275,79.962,80.1172,80.246,80.4342,79.5047,78.7588,79.3479,79.7706,80.4389,79.7406,80.4539,81.6653,82.6318,82.8738,81.6752,81.9581,82.0088,82.5975,82.3131,81.8085,77.8351,76.4501,75.2141,75.8733,76.4362,76.8917,75.6826,74.6682,75.9084,77.4092,77.7104,78.2212,76.7684,77.1925,78.3955,79.1069,79.1041,75.8665,76.1172,76.1314,77.1599,75.8993,76.0859,76.0007,76.0581,76.6036,77.4727,78.2978,78.2577,77.6441,77.9722,77.2532,78.0141,78.5124,77.9295,78.3151,78.8615,78.3802,77.8167,78.989,80.1219,80.4485,80.3906,80.6858,81.0962,81.3582,81.8544,82.1133,81.8529,82.1941,81.846,82.6073,83.7244,84.2754,85.0005,85.4508,84.7871,85.9826,86.3373,86.0634,86.4665,85.9276,85.5329,84.9564,85.3033,85.3821,85.232,85.3192,86.0873,86.6522,86.425,86.9798,87.1473,87.6865,87.9644,88.0452,88.5981,88.3014,88.758,89.1761,89.3286,89.6788,90.1203,90.735,90.4151,89.4465,90.5653,90.9241,91.3408,90.7374,90.7303,91.7694,92.3542
23,120726,UTI Mid Cap Fund-Growth Option- Direct,143.3755,145.0505,146.8913,146.7476,147.3815,149.3215,149.609,149.6473,149.0036,148.9648,146.9161,144.4903,147.1402,148.7801,148.2311,146.4346,144.6174,143.5696,142.7244,141.4661,144.1908,146.7215,149.1817,151.1096,150.2739,152.1534,151.9723,152.6089,153.0435,152.5496,154.5491,154.849,155.0979,155.4616,153.6652,152.2235,153.3622,154.179,155.4707,154.1211,155.4998,157.8411,159.7091,160.1769,157.8602,158.4071,158.5051,159.6429,159.0932,158.1178,158.169,155.3547,152.8429,154.1825,155.3264,156.252,153.795,151.7335,154.2537,157.3037,157.9157,158.9537,156.0013,156.8632,159.3079,160.7535,160.7477,154.1686,154.6781,154.7069,156.7969,154.2352,154.6146,154.4414,154.5581,155.6666,157.4327,159.1094,159.0279,157.7809,158.4476,156.9866,158.5329,159.5454,158.3609,159.1445,160.2548,159.2767,158.1316,160.5139,162.8161,163.4798,163.3621,163.962,164.7959,165.3285,166.3368,166.8628,166.3337,167.027,166.3197,167.8666,170.1368,171.2564,172.7299,173.6449,172.2963,174.7256,175.4464,174.8898,175.7091,174.6138,173.8118,172.6403,173.3453,173.5053,173.2004,173.3775,174.9385,176.0863,175.6246,176.752,177.0925,178.1881,178.7528,178.9171,180.0406,179.4377,180.3655,181.2152,181.5251,182.2367,183.1339,184.383,183.733,181.7647,184.0381,184.7673,185.614,184.3879,184.3735,186.4849,187.6735
24,119589,Sundaram Small Cap Fund Direct Plan - Growth,101.3788,102.3505,102.8596,102.5779,103.3784,103.821,103.418,103.6276,102.786,103.438,102.7034,100.8429,102.2033,102.403,101.8596,100.653,99.748,99.3565,98.2784,98.9315,100.8714,101.8712,103.0423,104.6159,104.2138,105.8771,105.1686,105.364,107.0656,107.793,107.5902,107.7766,108.2857,108.9605,107.979,106.759,107.5239,108.5873,109.3661,108.7107,110.148,111.1838,112.4775,113.703,112.2932,113.093,113.337,114.191,114.1571,113.8013,113.8689,111.4164,109.7833,110.4731,111.044,111.469,109.914,108.1803,110.1883,111.4916,112.1686,113.1486,110.9527,112.0642,113.9071,115.3995,116.794,111.5606,112.9153,112.9458,114.2378,112.3463,113.0236,113.906,114.123,115.5497,116.9406,118.3118,118.7386,118.6856,120.011,119.6082,120.2255,120.2856,120.1974,121.0862,121.4028,120.9829,120.3235,122.5226,123.864,125.1405,125.3495,127.0519,128.0699,128.1543,129.2221,129.0674,127.981,128.1011,127.5353,128.7798,129.8017,130.6844,132.123,133.8823,132.215,133.9831,133.9074,133.0681,133.6239,133.116,132.5434,131.7857,132.1913,133.1868,133.0814,133.2888,134.1173,134.9615,135.6246,136.3524,137.2235,138.4956,139.1445,138.4216,139.2992,139.1843,139.2764,140.0165,141.2428,141.6085,143.0172,144.3161,143.6907,142.0177,143.0277,142.9088,143.716,142.9462,142.563,143.4304,144.5061
25,119588,Sundaram Small Cap Fund Direct Plan - Income Distribution cum Capital Withdrawal (IDCW),20.4592,20.6553,20.7581,20.7012,20.8628,20.9521,20.8708,20.9131,20.7432,20.8748,20.7266,20.3511,20.6256,20.6659,20.5563,20.3128,20.1301,20.0511,19.8335,19.9653,20.3568,20.5586,20.7949,21.1125,21.0313,21.367,21.224,21.2634,21.6068,21.7536,21.7127,21.7503,21.8531,21.9892,21.7912,21.545,21.6993,21.9139,22.0711,21.9388,22.2289,22.4379,22.699,22.9463,22.6618,22.8232,22.8724,23.0448,23.0379,22.9661,22.9798,22.4848,22.1553,22.2945,22.4097,22.4954,22.1816,21.8318,22.237,22.5,22.6366,22.8344,22.3912,22.6155,22.9875,23.2886,23.5701,22.5139,22.7873,22.7935,23.0542,22.6725,22.8092,22.9872,23.031,23.3189,23.5996,23.8763,23.9625,23.9518,24.2193,24.138,24.2625,24.2747,24.2569,24.4363,24.5001,24.4154,24.2823,24.7261,24.9968,25.2544,25.2966,25.6402,25.8456,25.8627,26.0782,26.0469,25.8277,25.8519,25.7378,25.9889,26.1951,26.3733,26.6636,27.0186,26.6822,27.039,27.0237,26.8543,26.9665,26.864,26.7484,26.5955,23.1666,23.3411,23.3226,23.359,23.5041,23.6521,23.7683,23.8958,24.0485,24.2714,24.3852,24.2585,24.4123,24.3921,24.4083,24.538,24.7529,24.817,25.0639,25.2915,25.1819,24.8887,25.0657,25.0449,25.1863,25.0514,24.9843,25.1363,25.3248
26,129212,Sundaram Infrastructure Advantage Fund Direct Plan - Growth,36.344,36.605,36.8735,36.9954,37.5121,37.9029,37.8872,38.1027,37.9039,38.0636,37.6616,36.953,37.5777,37.7923,37.8329,37.1806,36.6821,36.1014,35.9539,35.8587,37.588,38.5527,39.0916,39.5439,39.5897,40.3952,40.3852,40.288,40.5843,40.8092,40.8747,41.0642,41.1241,41.3049,40.8765,40.4223,40.7123,41.3473,41.7503,41.0042,41.6215,41.9913,42.724,42.9381,42.4468,42.938,42.9797,42.9793,42.8305,42.45,42.2048,41.3033,40.4244,40.7753,41.1182,41.5911,40.7543,40.209,41.095,41.8309,41.8583,42.2276,41.3977,41.5944,41.8419,42.282,42.1692,40.2437,40.9562,40.9198,41.2641,40.4739,40.4903,40.6944,40.4692,41.1591,41.6685,42.0213,42.0459,41.6814,41.9383,41.8718,42.3167,42.5431,42.7933,43.6143,43.8685,43.4438,43.2703,43.7671,44.4195,44.4437,44.29,44.5376,44.6595,44.6423,44.8069,44.7488,44.7423,44.9873,44.6532,44.9962,45.4696,45.654,46.2008,46.5525,46.0374,46.445,46.3875,46.344,46.5075,46.252,46.0262,45.7847,45.9273,46.0908,45.9566,46.0846,46.1626,46.3083,46.189,46.3217,46.2318,46.4418,46.9861,47.3242,47.5629,47.2135,47.3505,47.6467,47.9102,48.2101,48.4295,48.5319,48.2238,47.5491,48.139,48.0301,48.1735,47.6099,47.7806,48.3557,48.663
27,129211,Sundaram Infrastructure Advantage Fund Direct Plan - Income Distribution cum Capital Withdrawal (IDCW),30.1251,30.3415,30.564,30.6651,31.0933,31.4173,31.4043,31.5829,31.418,31.5504,31.2172,30.6298,31.1476,31.3255,31.3592,30.8185,30.4053,29.924,29.8017,29.7227,31.1562,31.9558,32.4025,32.7774,32.8154,33.483,33.4747,33.3942,33.6397,33.8262,33.8805,34.0376,34.0872,34.2371,33.882,33.5055,33.7459,34.2722,34.6062,33.9878,34.4995,34.806,35.4134,35.5908,35.1835,35.5907,35.6253,35.625,35.5016,35.1862,34.9829,34.2357,33.5073,33.7981,34.0823,34.4743,33.7807,33.3287,34.063,34.6731,34.6958,35.0019,34.314,34.4771,34.6822,35.047,34.9535,33.3575,33.948,33.9179,34.2032,33.5483,33.5618,33.731,33.5444,34.1162,34.5385,34.8309,34.8513,34.5491,34.7621,34.707,35.0759,35.2635,35.471,36.1515,36.3622,36.0101,35.8663,36.2781,36.8189,36.8389,36.7115,36.9168,37.0179,37.0036,37.14,37.0919,37.0865,37.2896,37.0126,37.2969,37.6893,37.8421,38.2954,38.5869,38.1599,38.4978,38.4502,38.4141,38.5496,38.3378,38.1507,37.9505,38.0687,38.2042,38.093,38.1991,38.2637,38.3845,38.2856,35.7386,35.6692,35.8313,36.2513,36.5122,36.6963,36.4267,36.5324,36.761,36.9643,37.1956,37.3649,37.4439,37.2062,36.6857,37.1408,37.0568,37.1673,36.7325,36.8642,37.308,37.5451
